calendar_year,financial_aid_area,subsection_title,section_id,source_file,authority_status,validation_status
2026-27,Scholarships,1. Scholarships,CMU-UG-2026-27-AID-SCHOLARSHIPS-1-SCHOLARSHIPS,60-Financial-Aid-and-Awards/Scholarships.md,official_transcription,pending
2026-27,Scholarships,Credit Hour Eligibility Requirements,CMU-UG-2026-27-AID-SCHOLARSHIPS-CREDIT-HOUR-ELIGIBILITY-REQUIREMENTS,60-Financial-Aid-and-Awards/Scholarships.md,official_transcription,pending
2026-27,Scholarships,Credit Hour Requirement Exemptions,CMU-UG-2026-27-AID-SCHOLARSHIPS-CREDIT-HOUR-REQUIREMENT-EXEMPTIONS,60-Financial-Aid-and-Awards/Scholarships.md,official_transcription,pending
2026-27,Scholarships,Scholarship Limits,CMU-UG-2026-27-AID-SCHOLARSHIPS-SCHOLARSHIP-LIMITS,60-Financial-Aid-and-Awards/Scholarships.md,official_transcription,pending
2026-27,Scholarships,Scholarship Disbursement,CMU-UG-2026-27-AID-SCHOLARSHIPS-SCHOLARSHIP-DISBURSEMENT,60-Financial-Aid-and-Awards/Scholarships.md,official_transcription,pending
2026-27,Scholarships,Maintaining Renewable Awards,CMU-UG-2026-27-AID-SCHOLARSHIPS-MAINTAINING-RENEWABLE-AWARDS,60-Financial-Aid-and-Awards/Scholarships.md,official_transcription,pending
2026-27,Scholarships,Scholarship Deferral,CMU-UG-2026-27-AID-SCHOLARSHIPS-SCHOLARSHIP-DEFERRAL,60-Financial-Aid-and-Awards/Scholarships.md,official_transcription,pending
2026-27,Scholarships,Eligibility Criteria:,CMU-UG-2026-27-AID-SCHOLARSHIPS-ELIGIBILITY-CRITERIA,60-Financial-Aid-and-Awards/Scholarships.md,official_transcription,pending
2026-27,Scholarships,"· From 95–100%: $3,000",CMU-UG-2026-27-AID-SCHOLARSHIPS-FROM-95-100-3-000,60-Financial-Aid-and-Awards/Scholarships.md,official_transcription,pending
2026-27,Scholarships,"· From 90–94.9%: $2,000",CMU-UG-2026-27-AID-SCHOLARSHIPS-FROM-90-94-9-2-000,60-Financial-Aid-and-Awards/Scholarships.md,official_transcription,pending
2026-27,Scholarships,"· From 85–89.9%: $1,000",CMU-UG-2026-27-AID-SCHOLARSHIPS-FROM-85-89-9-1-000,60-Financial-Aid-and-Awards/Scholarships.md,official_transcription,pending
2026-27,Scholarships,Eligibility Criteria:,CMU-UG-2026-27-AID-SCHOLARSHIPS-ELIGIBILITY-CRITERIA,60-Financial-Aid-and-Awards/Scholarships.md,official_transcription,pending
2026-27,Scholarships,Eligibility Criteria:,CMU-UG-2026-27-AID-SCHOLARSHIPS-ELIGIBILITY-CRITERIA,60-Financial-Aid-and-Awards/Scholarships.md,official_transcription,pending
2026-27,Scholarships,Eligibility Criteria:,CMU-UG-2026-27-AID-SCHOLARSHIPS-ELIGIBILITY-CRITERIA,60-Financial-Aid-and-Awards/Scholarships.md,official_transcription,pending
2026-27,Scholarships,Eligibility Criteria:,CMU-UG-2026-27-AID-SCHOLARSHIPS-ELIGIBILITY-CRITERIA,60-Financial-Aid-and-Awards/Scholarships.md,official_transcription,pending
2026-27,Scholarships,Eligibility Criteria:,CMU-UG-2026-27-AID-SCHOLARSHIPS-ELIGIBILITY-CRITERIA,60-Financial-Aid-and-Awards/Scholarships.md,official_transcription,pending
2026-27,Scholarships,· Anni (Dyck) Wiebe Memorial Scholarship,CMU-UG-2026-27-AID-SCHOLARSHIPS-ANNI-DYCK-WIEBE-MEMORIAL-SCHOLARSHIP,60-Financial-Aid-and-Awards/Scholarships.md,official_transcription,pending
2026-27,Scholarships,· Anne and Al Loewen Creative Prize,CMU-UG-2026-27-AID-SCHOLARSHIPS-ANNE-AND-AL-LOEWEN-CREATIVE-PRIZE,60-Financial-Aid-and-Awards/Scholarships.md,official_transcription,pending
2026-27,Scholarships,· Dr. Robert Janzen Memorial Scholarship,CMU-UG-2026-27-AID-SCHOLARSHIPS-DR-ROBERT-JANZEN-MEMORIAL-SCHOLARSHIP,60-Financial-Aid-and-Awards/Scholarships.md,official_transcription,pending
2026-27,Scholarships,· J.B. Toews Historical Commission Scholarship,CMU-UG-2026-27-AID-SCHOLARSHIPS-J-B-TOEWS-HISTORICAL-COMMISSION-SCHOLARSHIP,60-Financial-Aid-and-Awards/Scholarships.md,official_transcription,pending
2026-27,Bursaries,2. Bursaries,CMU-UG-2026-27-AID-BURSARIES-2-BURSARIES,60-Financial-Aid-and-Awards/Bursaries.md,official_transcription,pending
2026-27,Bursaries,Eligibility Criteria:,CMU-UG-2026-27-AID-BURSARIES-ELIGIBILITY-CRITERIA,60-Financial-Aid-and-Awards/Bursaries.md,official_transcription,pending
2026-27,Bursaries,Eligibility Criteria:,CMU-UG-2026-27-AID-BURSARIES-ELIGIBILITY-CRITERIA,60-Financial-Aid-and-Awards/Bursaries.md,official_transcription,pending
2026-27,Faith Community Matching Grants,3. Faith Community Matching Grants,CMU-UG-2026-27-AID-FAITH-GRANTS-3-FAITH-COMMUNITY-MATCHING-GRANTS,60-Financial-Aid-and-Awards/Faith-Community-Matching-Grants.md,official_transcription,pending
2026-27,Camp Wage Subsidy,4. Camp Wage Subsidy,CMU-UG-2026-27-AID-CAMP-SUBSIDY-4-CAMP-WAGE-SUBSIDY,60-Financial-Aid-and-Awards/Camp-Wage-Subsidy.md,official_transcription,pending
2026-27,Camp Wage Subsidy,Eligibility Criteria:,CMU-UG-2026-27-AID-CAMP-SUBSIDY-ELIGIBILITY-CRITERIA,60-Financial-Aid-and-Awards/Camp-Wage-Subsidy.md,official_transcription,pending
2026-27,Employment on Campus,5. Employment on Campus,CMU-UG-2026-27-AID-EMPLOYMENT-5-EMPLOYMENT-ON-CAMPUS,60-Financial-Aid-and-Awards/Employment-on-Campus.md,official_transcription,pending
2026-27,Employment on Campus,Eligibility Criteria:,CMU-UG-2026-27-AID-EMPLOYMENT-ELIGIBILITY-CRITERIA,60-Financial-Aid-and-Awards/Employment-on-Campus.md,official_transcription,pending
2026-27,Federal and Provincial Student Aid,Canada Student Aid – Provincial and Federal Student Aid,CMU-UG-2026-27-AID-GOVERNMENT-CANADA-STUDENT-AID-PROVINCIAL-AND-FEDERAL-STUDENT-AID,60-Financial-Aid-and-Awards/Federal-and-Provincial-Student-Aid.md,official_transcription,pending
