calendar_year,category,display_name,full_entry,section_id,source_file,authority_status,validation_status
2026-27,Faculty,Jobb Arnold,"Jobb Arnold, Associate Professor of Psychology and of Conflict Resolution Studies, BA (Hons.) (Lakehead), MA (British Columbia), PhD (Queen’s)",CMU-UG-2026-27-INST-PEOPLE-FACULTY-001,70-Institutional-Information/Faculty-and-Staff/Faculty.md,official_transcription,pending
2026-27,Faculty,David Balzer,"David Balzer, Associate Professor of Communications and Media Studies, BRS (MBBC), BA (Winnipeg), MA (California State-Fresno)",CMU-UG-2026-27-INST-PEOPLE-FACULTY-002,70-Institutional-Information/Faculty-and-Staff/Faculty.md,official_transcription,pending
2026-27,Faculty,Ikeoluwapo Baruwa,"Ikeoluwapo Baruwa , Assistant Professor of Education, BEd, MEd (Ibadan, Nigeria), PhD (Queen’s)",CMU-UG-2026-27-INST-PEOPLE-FACULTY-003,70-Institutional-Information/Faculty-and-Staff/Faculty.md,official_transcription,pending
2026-27,Faculty,Sunder John Boopalan,"Sunder John Boopalan, Associate Professor of Biblical and Theological Studies, BSc (St. Joseph’s College, India), BD (United Theological College, India), ThM, PhD (Princeton)",CMU-UG-2026-27-INST-PEOPLE-FACULTY-004,70-Institutional-Information/Faculty-and-Staff/Faculty.md,official_transcription,pending
2026-27,Faculty,Janet Brenneman,"Janet Brenneman , Professor of Music, BMus, MMus (Toronto), PhD (Michigan State)",CMU-UG-2026-27-INST-PEOPLE-FACULTY-005,70-Institutional-Information/Faculty-and-Staff/Faculty.md,official_transcription,pending
2026-27,Faculty,Jerry Buckland,"Jerry Buckland, Professor of Economics and of International Development Studies, BA (Calgary), MA (Carleton), PhD (Manitoba)",CMU-UG-2026-27-INST-PEOPLE-FACULTY-006,70-Institutional-Information/Faculty-and-Staff/Faculty.md,official_transcription,pending
2026-27,Faculty,Heather Campbell-Enns,"Heather Campbell-Enns, Associate Professor of Psychology, BEd, MSc, PhD (Manitoba)",CMU-UG-2026-27-INST-PEOPLE-FACULTY-007,70-Institutional-Information/Faculty-and-Staff/Faculty.md,official_transcription,pending
2026-27,Faculty,Paul Doerksen,"Paul Doerksen, Associate Professor of Theology, BRE (Briercrest), BA, BEd (Winnipeg), MTS (Waterloo), PhD (McMaster)",CMU-UG-2026-27-INST-PEOPLE-FACULTY-008,70-Institutional-Information/Faculty-and-Staff/Faculty.md,official_transcription,pending
2026-27,Faculty,Lee-Anne Dowsett,"Lee-Anne Dowsett, Associate Professor of Music Therapy, BMus (Brandon), BMT (Capilano), MEd (Manitoba), CCC, MTA",CMU-UG-2026-27-INST-PEOPLE-FACULTY-009,70-Institutional-Information/Faculty-and-Staff/Faculty.md,official_transcription,pending
2026-27,Faculty,Jonathan Dueck,"Jonathan Dueck, Associate Professor of Ethnomusicology, BCM (CMBC), BA (Winnipeg), PhD (Alberta)",CMU-UG-2026-27-INST-PEOPLE-FACULTY-010,70-Institutional-Information/Faculty-and-Staff/Faculty.md,official_transcription,pending
2026-27,Faculty,Kelly Dueck,"Kelly Dueck , Assistant Professor of Business, BSc (Saskatchewan), MBA (Essex), PhD (Durham)",CMU-UG-2026-27-INST-PEOPLE-FACULTY-011,70-Institutional-Information/Faculty-and-Staff/Faculty.md,official_transcription,pending
2026-27,Faculty,Jodi Dueck-Read,"Jodi Dueck-Read, Associate Professor of Conflict Resolution Studies and of Peace and Conflict Transformation Studies, BA (Hons.) (Furman), MA (Eastern Mennonite University), PhD (Manitoba)",CMU-UG-2026-27-INST-PEOPLE-FACULTY-012,70-Institutional-Information/Faculty-and-Staff/Faculty.md,official_transcription,pending
2026-27,Faculty,Andrew Dyck,"Andrew Dyck, Assistant Professor of Ministry Studies, BMR (Manitoba), MA (Eastern Mennonite Seminary), PhD (Vrije Universiteit Amsterdam)",CMU-UG-2026-27-INST-PEOPLE-FACULTY-013,70-Institutional-Information/Faculty-and-Staff/Faculty.md,official_transcription,pending
2026-27,Faculty,Paul Dyck,"Paul Dyck , Professor of English, Diploma (Briercrest), BEd, MA, PhD (Alberta)",CMU-UG-2026-27-INST-PEOPLE-FACULTY-014,70-Institutional-Information/Faculty-and-Staff/Faculty.md,official_transcription,pending
2026-27,Faculty,Delmar Epp,"Delmar Epp, Associate Professor of Psychology, BA (Hons.), MA, PhD (Manitoba)",CMU-UG-2026-27-INST-PEOPLE-FACULTY-015,70-Institutional-Information/Faculty-and-Staff/Faculty.md,official_transcription,pending
2026-27,Faculty,Irma Fast Dueck,"Irma Fast Dueck , Associate Professor of Practical Theology, BA, MDiv (Winnipeg), ThD (Toronto)",CMU-UG-2026-27-INST-PEOPLE-FACULTY-016,70-Institutional-Information/Faculty-and-Staff/Faculty.md,official_transcription,pending
2026-27,Faculty,Brian Froese,"Brian Froese, Professor of History, BA (Winnipeg), MCS (Regent), PhD (Graduate Theological Union, Berkeley)",CMU-UG-2026-27-INST-PEOPLE-FACULTY-017,70-Institutional-Information/Faculty-and-Staff/Faculty.md,official_transcription,pending
2026-27,Faculty,Travis Goron,"Travis Goron , Assistant Professor of Biology, BSc, PhD (Guelph)",CMU-UG-2026-27-INST-PEOPLE-FACULTY-018,70-Institutional-Information/Faculty-and-Staff/Faculty.md,official_transcription,pending
2026-27,Faculty,Chris Huebner,"Chris Huebner , Professor of Philosophy and of Theology, BTh (CMBC), BA, MA (Manitoba), PhD (Duke)",CMU-UG-2026-27-INST-PEOPLE-FACULTY-019,70-Institutional-Information/Faculty-and-Staff/Faculty.md,official_transcription,pending
2026-27,Faculty,Christine Kampen Robinson,"Christine Kampen Robinson, Assistant Professor of Education and of Experiential Learning, BA (Hons.) (Winnipeg), MA, PhD (Waterloo)",CMU-UG-2026-27-INST-PEOPLE-FACULTY-020,70-Institutional-Information/Faculty-and-Staff/Faculty.md,official_transcription,pending
2026-27,Faculty,Sheila Klassen-Wiebe,"Sheila Klassen-Wiebe, Associate Professor of New Testament, BTh (CMBC), BA (Manitoba), MDiv (Associated Mennonite Biblical Seminary), PhD (Union Theological Seminary, Virginia)",CMU-UG-2026-27-INST-PEOPLE-FACULTY-021,70-Institutional-Information/Faculty-and-Staff/Faculty.md,official_transcription,pending
2026-27,Faculty,Karl Koop,"Karl Koop, Professor of History and of Theology, BTh (CMBC), BA (Manitoba), MDiv (Associated Mennonite Biblical Seminary, Indiana), PhD (St. Michael’s College, Toronto)",CMU-UG-2026-27-INST-PEOPLE-FACULTY-022,70-Institutional-Information/Faculty-and-Staff/Faculty.md,official_transcription,pending
2026-27,Faculty,Rachel Krause,"Rachel Krause, Associate Professor of Biology, BSc (Hons.) (British Columbia), MSc (Concordia), PhD (McGill)",CMU-UG-2026-27-INST-PEOPLE-FACULTY-023,70-Institutional-Information/Faculty-and-Staff/Faculty.md,official_transcription,pending
2026-27,Faculty,Wendy Kroeker,"Wendy Kroeker , Associate Professor of Peace and Conflict Transformation Studies, BA (Hons.) (Waterloo), MA (MBBS), PhD (Manitoba)",CMU-UG-2026-27-INST-PEOPLE-FACULTY-024,70-Institutional-Information/Faculty-and-Staff/Faculty.md,official_transcription,pending
2026-27,Faculty,Kenton Lobe,"Kenton Lobe , Teaching Assistant Professor of International Development and of Environmental Studies, BTh (CMBC), BA, M.N.R.M. (Manitoba)",CMU-UG-2026-27-INST-PEOPLE-FACULTY-025,70-Institutional-Information/Faculty-and-Staff/Faculty.md,official_transcription,pending
2026-27,Faculty,Anneli Loepp Thiessen,"Anneli Loepp Thiessen , Assistant Professor of Music, BMus (CMU), GDip (Queens), MMus, PhD (Ottawa)",CMU-UG-2026-27-INST-PEOPLE-FACULTY-026,70-Institutional-Information/Faculty-and-Staff/Faculty.md,official_transcription,pending
2026-27,Faculty,Lynda Loewen,"Lynda Loewen, Teaching Assistant Professor of Psychology, BSW, BA (Manitoba), MMFT (Winnipeg)",CMU-UG-2026-27-INST-PEOPLE-FACULTY-027,70-Institutional-Information/Faculty-and-Staff/Faculty.md,official_transcription,pending
2026-27,Faculty,Christine Longhurst,"Christine Longhurst, Assistant Professor of Music and of Worship, BRS (MBBC), BA (Winnipeg), MMus (Southern Methodist University, Texas), MSM (Perkins School of Theology, Texas), DWS (Institute for Worship Studies, Florida)",CMU-UG-2026-27-INST-PEOPLE-FACULTY-028,70-Institutional-Information/Faculty-and-Staff/Faculty.md,official_transcription,pending
2026-27,Faculty,James Magnus-Johnston,"James Magnus-Johnston , Assistant Professor in Business and of Political Studies, BA (Hons) (Winnipeg), MPhil (Cambridge), PhD (McGill)",CMU-UG-2026-27-INST-PEOPLE-FACULTY-029,70-Institutional-Information/Faculty-and-Staff/Faculty.md,official_transcription,pending
2026-27,Faculty,Juan Nicolas Malagon Quintero,"Juan Nicolas Malagon Quintero, Assistant Professor of Biology, BSc (National University of Columbia), PhD (Toronto)",CMU-UG-2026-27-INST-PEOPLE-FACULTY-030,70-Institutional-Information/Faculty-and-Staff/Faculty.md,official_transcription,pending
2026-27,Faculty,Craig Martin,"Craig Martin, Assistant Professor of Business, BA (Hons.) (Waterloo), MSc, PhD (Guelph), CMA",CMU-UG-2026-27-INST-PEOPLE-FACULTY-031,70-Institutional-Information/Faculty-and-Staff/Faculty.md,official_transcription,pending
2026-27,Faculty,Justin Neufeld,"Justin Neufeld , Teaching Assistant Professor of Philosophy, BA (Hons.) (Manitoba), MA (McMaster)",CMU-UG-2026-27-INST-PEOPLE-FACULTY-032,70-Institutional-Information/Faculty-and-Staff/Faculty.md,official_transcription,pending
2026-27,Faculty,Opeyemi Ogunyomi,"Opeyemi Ogunyomi , Teaching Assistant Professor of Psychology, BSc (Ilorin, Nigeria), MEd (Lagos, Nigeria), MEd, PhD (Texas Tech)",CMU-UG-2026-27-INST-PEOPLE-FACULTY-033,70-Institutional-Information/Faculty-and-Staff/Faculty.md,official_transcription,pending
2026-27,Faculty,Felicia Owadara,"Felicia Owadara , Assistant Professor of Social Work, BEd (Adekunle Ajasin, Nigeria), MSW (Ibadan, Nigeria), MRes (York, England), PhD (Manitoba)",CMU-UG-2026-27-INST-PEOPLE-FACULTY-034,70-Institutional-Information/Faculty-and-Staff/Faculty.md,official_transcription,pending
2026-27,Faculty,Matthew Pauls,"Matthew Pauls, Assistant Professor of Music, BMus (CMU), MMus, DMA (Western Ontario)",CMU-UG-2026-27-INST-PEOPLE-FACULTY-035,70-Institutional-Information/Faculty-and-Staff/Faculty.md,official_transcription,pending
2026-27,Faculty,Wenyu Qian,"Wenyu Qian , Chemistry Instructor and Lab Steward, BSc (Hons) (Alberta), MSc (McGill)",CMU-UG-2026-27-INST-PEOPLE-FACULTY-036,70-Institutional-Information/Faculty-and-Staff/Faculty.md,official_transcription,pending
2026-27,Faculty,Katie Reeves,"Katie Reeves , Laboratory Steward, BSc (Manitoba)",CMU-UG-2026-27-INST-PEOPLE-FACULTY-037,70-Institutional-Information/Faculty-and-Staff/Faculty.md,official_transcription,pending
2026-27,Faculty,Ruth Rempel,"Ruth Rempel, Associate Professor of History and of International Development Studies, BA (Hons.) (Manitoba), MA, PhD (Toronto)",CMU-UG-2026-27-INST-PEOPLE-FACULTY-038,70-Institutional-Information/Faculty-and-Staff/Faculty.md,official_transcription,pending
2026-27,Faculty,Karen Ridd,"Karen Ridd, Teaching Associate Professor of Conflict Resolution Studies and of Peace and Conflict Transformation Studies, BA (Hons.), MA (Winnipeg)",CMU-UG-2026-27-INST-PEOPLE-FACULTY-039,70-Institutional-Information/Faculty-and-Staff/Faculty.md,official_transcription,pending
2026-27,Faculty,Tim Rogalsky,"Tim Rogalsky, Associate Professor of Mathematics, BRS (MBBC), BSc, MSc, PhD (Manitoba)",CMU-UG-2026-27-INST-PEOPLE-FACULTY-040,70-Institutional-Information/Faculty-and-Staff/Faculty.md,official_transcription,pending
2026-27,Faculty,Alexander Sawatsky,"Alexander Sawatsky , Professor of Social Work, BA (Goshen), MSW (Andrews), PhD (Manitoba)",CMU-UG-2026-27-INST-PEOPLE-FACULTY-041,70-Institutional-Information/Faculty-and-Staff/Faculty.md,official_transcription,pending
2026-27,Faculty,Jonathan M. Sears,"Jonathan M. Sears, Associate Professor of International Development Studies and of Political Studies, BA (Hons.) (St. Thomas, New Brunswick), MA (Brock), PhD (Queen’s)",CMU-UG-2026-27-INST-PEOPLE-FACULTY-042,70-Institutional-Information/Faculty-and-Staff/Faculty.md,official_transcription,pending
2026-27,Faculty,Anna Snyder,"Anna Snyder, Associate Professor of Conflict Resolution Studies and of Peace and Conflict Transformation Studies, BA (Manchester College), MA (Notre Dame), PhD (Syracuse)",CMU-UG-2026-27-INST-PEOPLE-FACULTY-043,70-Institutional-Information/Faculty-and-Staff/Faculty.md,official_transcription,pending
2026-27,Faculty,Sue Sorensen,"Sue Sorensen, Professor of English, BA (Regina), MA, PhD (British Columbia)",CMU-UG-2026-27-INST-PEOPLE-FACULTY-044,70-Institutional-Information/Faculty-and-Staff/Faculty.md,official_transcription,pending
2026-27,Faculty,Stephanie Stobbe,"Stephanie Stobbe , Professor of Business and of Conflict Resolution Studies, BA (British Columbia), BA (Winnipeg), MA (Antioch), PhD (Manitoba)",CMU-UG-2026-27-INST-PEOPLE-FACULTY-045,70-Institutional-Information/Faculty-and-Staff/Faculty.md,official_transcription,pending
2026-27,Faculty,Ray Vander Zaag,"Ray Vander Zaag, Associate Professor of International Development Studies, BSc (Calvin College), MSc (Michigan State), MA, PhD (Carleton)",CMU-UG-2026-27-INST-PEOPLE-FACULTY-046,70-Institutional-Information/Faculty-and-Staff/Faculty.md,official_transcription,pending
2026-27,Faculty,Candice Viddal,"Candice Viddal , Associate Professor of Chemistry and of Physics, BSc (Hons.), PhD (Manitoba)",CMU-UG-2026-27-INST-PEOPLE-FACULTY-047,70-Institutional-Information/Faculty-and-Staff/Faculty.md,official_transcription,pending
2026-27,Faculty,Buetta Warkentin,"Buetta Warkentin , Associate Professor of Social Work and Field Education Coordinator, BTh (CMBC), BA (Manitoba), MTS (Waterloo Lutheran), MSW (Wilfrid Laurier)",CMU-UG-2026-27-INST-PEOPLE-FACULTY-048,70-Institutional-Information/Faculty-and-Staff/Faculty.md,official_transcription,pending
2026-27,Faculty,Gregory Wiebe,"Gregory Wiebe, Teaching Assistant Professor of Theology, BA (CMU), MA (McMaster), PhD (McMaster)",CMU-UG-2026-27-INST-PEOPLE-FACULTY-049,70-Institutional-Information/Faculty-and-Staff/Faculty.md,official_transcription,pending
2026-27,Faculty,Neil Weisensel,"Neil Weisensel , Associate Professor of Music, BMus (Manitoba), MMus (British Columbia)",CMU-UG-2026-27-INST-PEOPLE-FACULTY-050,70-Institutional-Information/Faculty-and-Staff/Faculty.md,official_transcription,pending
2026-27,Faculty,Michelle Yaciuk,"Michelle Yaciuk, Associate Professor of Education and of Music Therapy, BSc (Mary), MMus (Western Michigan)",CMU-UG-2026-27-INST-PEOPLE-FACULTY-051,70-Institutional-Information/Faculty-and-Staff/Faculty.md,official_transcription,pending
2026-27,Directors and Chairs,David Balzer,"David Balzer , Chair of Communications and Media",CMU-UG-2026-27-INST-PEOPLE-DIRECTORS-AND-CHAIRS-001,70-Institutional-Information/Faculty-and-Staff/Directors-and-Chairs.md,official_transcription,pending
2026-27,Directors and Chairs,Heather Campbell-Enns,"Heather Campbell-Enns , Canada Research Chair in Families and Aging",CMU-UG-2026-27-INST-PEOPLE-DIRECTORS-AND-CHAIRS-002,70-Institutional-Information/Faculty-and-Staff/Directors-and-Chairs.md,official_transcription,pending
2026-27,Directors and Chairs,Paul Doerksen,"Paul Doerksen , Co-Chair of Biblical and Theological Studies and Co-Director of Graduate School of Theology and Ministry",CMU-UG-2026-27-INST-PEOPLE-DIRECTORS-AND-CHAIRS-003,70-Institutional-Information/Faculty-and-Staff/Directors-and-Chairs.md,official_transcription,pending
2026-27,Directors and Chairs,Jodi Dueck-Read,"Jodi Dueck-Read, Director of Research and Program Grants",CMU-UG-2026-27-INST-PEOPLE-DIRECTORS-AND-CHAIRS-004,70-Institutional-Information/Faculty-and-Staff/Directors-and-Chairs.md,official_transcription,pending
2026-27,Directors and Chairs,Andrew Dyck,"Andrew Dyck, Co-Chair of Biblical and Theological Studies and Co-Director of Graduate School of Theology and Ministry",CMU-UG-2026-27-INST-PEOPLE-DIRECTORS-AND-CHAIRS-005,70-Institutional-Information/Faculty-and-Staff/Directors-and-Chairs.md,official_transcription,pending
2026-27,Directors and Chairs,Paul Dyck,"Paul Dyck , Chair of English and Chair of Interdisciplinary Studies",CMU-UG-2026-27-INST-PEOPLE-DIRECTORS-AND-CHAIRS-006,70-Institutional-Information/Faculty-and-Staff/Directors-and-Chairs.md,official_transcription,pending
2026-27,Directors and Chairs,Brian Froese,"Brian Froese , Chair of History",CMU-UG-2026-27-INST-PEOPLE-DIRECTORS-AND-CHAIRS-007,70-Institutional-Information/Faculty-and-Staff/Directors-and-Chairs.md,official_transcription,pending
2026-27,Directors and Chairs,Chris Huebner,"Chris Huebner , Chair of Philosophy",CMU-UG-2026-27-INST-PEOPLE-DIRECTORS-AND-CHAIRS-008,70-Institutional-Information/Faculty-and-Staff/Directors-and-Chairs.md,official_transcription,pending
2026-27,Directors and Chairs,Christine Kampen Robinson,"Christine Kampen Robinson, Co-Chair of Education, Director of Ens Centre for Career and Vocation, and Director of Work-Integrated Learning",CMU-UG-2026-27-INST-PEOPLE-DIRECTORS-AND-CHAIRS-009,70-Institutional-Information/Faculty-and-Staff/Directors-and-Chairs.md,official_transcription,pending
2026-27,Directors and Chairs,Lynda Loewen,"Lynda Loewen, Chair of Psychology",CMU-UG-2026-27-INST-PEOPLE-DIRECTORS-AND-CHAIRS-010,70-Institutional-Information/Faculty-and-Staff/Directors-and-Chairs.md,official_transcription,pending
2026-27,Directors and Chairs,James Magnus-Johnston,"James Magnus-Johnston , Director of the Redekop School of Business and Chair of Political Studies",CMU-UG-2026-27-INST-PEOPLE-DIRECTORS-AND-CHAIRS-011,70-Institutional-Information/Faculty-and-Staff/Directors-and-Chairs.md,official_transcription,pending
2026-27,Directors and Chairs,Craig Martin,"Craig Martin, Director of Collaborative Master of Business Administration",CMU-UG-2026-27-INST-PEOPLE-DIRECTORS-AND-CHAIRS-012,70-Institutional-Information/Faculty-and-Staff/Directors-and-Chairs.md,official_transcription,pending
2026-27,Directors and Chairs,Alexander Sawatsky,"Alexander Sawatsky , Chair of Social Work",CMU-UG-2026-27-INST-PEOPLE-DIRECTORS-AND-CHAIRS-013,70-Institutional-Information/Faculty-and-Staff/Directors-and-Chairs.md,official_transcription,pending
2026-27,Directors and Chairs,Jonathan M. Sears,"Jonathan M. Sears, Chair of Conflict Resolution Studies, Chair of International Development Studies, Director of Master of Arts in Peacebuilding and Collaborative Development, and Chair of Peace and Conflict Transformation Studies",CMU-UG-2026-27-INST-PEOPLE-DIRECTORS-AND-CHAIRS-014,70-Institutional-Information/Faculty-and-Staff/Directors-and-Chairs.md,official_transcription,pending
2026-27,Directors and Chairs,Candice Viddal,"Candice Viddal, Chair of Science",CMU-UG-2026-27-INST-PEOPLE-DIRECTORS-AND-CHAIRS-015,70-Institutional-Information/Faculty-and-Staff/Directors-and-Chairs.md,official_transcription,pending
2026-27,Directors and Chairs,Neil Weisensel,"Neil Weisensel , Chair of Music",CMU-UG-2026-27-INST-PEOPLE-DIRECTORS-AND-CHAIRS-016,70-Institutional-Information/Faculty-and-Staff/Directors-and-Chairs.md,official_transcription,pending
2026-27,Directors and Chairs,Michelle Yaciuk,"Michelle Yaciuk , Co-Chair of Education",CMU-UG-2026-27-INST-PEOPLE-DIRECTORS-AND-CHAIRS-017,70-Institutional-Information/Faculty-and-Staff/Directors-and-Chairs.md,official_transcription,pending
2026-27,Adjunct Faculty,John Brubacher,"John Brubacher, Adjunct Professor of Biology",CMU-UG-2026-27-INST-PEOPLE-ADJUNCT-FACULTY-001,70-Institutional-Information/Faculty-and-Staff/Adjunct-Faculty.md,official_transcription,pending
2026-27,Adjunct Faculty,Lindsay Drabiuk,"Lindsay Drabiuk, Adjunct Professor of Biblical and Theological Studies (S.P.E.)",CMU-UG-2026-27-INST-PEOPLE-ADJUNCT-FACULTY-002,70-Institutional-Information/Faculty-and-Staff/Adjunct-Faculty.md,official_transcription,pending
2026-27,Adjunct Faculty,Noha Ghattas,"Noha Ghattas , Adjunct Professor of Business",CMU-UG-2026-27-INST-PEOPLE-ADJUNCT-FACULTY-003,70-Institutional-Information/Faculty-and-Staff/Adjunct-Faculty.md,official_transcription,pending
2026-27,Adjunct Faculty,Sally Ito,"Sally Ito, Adjunct Professor of English",CMU-UG-2026-27-INST-PEOPLE-ADJUNCT-FACULTY-004,70-Institutional-Information/Faculty-and-Staff/Adjunct-Faculty.md,official_transcription,pending
2026-27,Adjunct Faculty,Jonathan Jandavs-Hedlin,"Jonathan Jandavs-Hedlin, Adjunct Professor of Biblical and Theological Studies (SPE)",CMU-UG-2026-27-INST-PEOPLE-ADJUNCT-FACULTY-005,70-Institutional-Information/Faculty-and-Staff/Adjunct-Faculty.md,official_transcription,pending
2026-27,Adjunct Faculty,Remkes Kooistra,"Remkes Kooistra , Adjunct Professor of Mathematics",CMU-UG-2026-27-INST-PEOPLE-ADJUNCT-FACULTY-006,70-Institutional-Information/Faculty-and-Staff/Adjunct-Faculty.md,official_transcription,pending
2026-27,Adjunct Faculty,Chenene Layne,"Chenene Layne, Adjunct Professor of Biblical and Theological Studies (S.P.E.)",CMU-UG-2026-27-INST-PEOPLE-ADJUNCT-FACULTY-007,70-Institutional-Information/Faculty-and-Staff/Adjunct-Faculty.md,official_transcription,pending
2026-27,Adjunct Faculty,Darryl Neustaedter Barg,"Darryl Neustaedter Barg , Adjunct Professor of Communications",CMU-UG-2026-27-INST-PEOPLE-ADJUNCT-FACULTY-008,70-Institutional-Information/Faculty-and-Staff/Adjunct-Faculty.md,official_transcription,pending
2026-27,Adjunct Faculty,Leanne Regehr Lee,"Leanne Regehr Lee , Adjunct Professor of Music",CMU-UG-2026-27-INST-PEOPLE-ADJUNCT-FACULTY-009,70-Institutional-Information/Faculty-and-Staff/Adjunct-Faculty.md,official_transcription,pending
2026-27,Adjunct Faculty,Greg Wiebe,"Greg Wiebe, Adjunct Professor of Theology",CMU-UG-2026-27-INST-PEOPLE-ADJUNCT-FACULTY-010,70-Institutional-Information/Faculty-and-Staff/Adjunct-Faculty.md,official_transcription,pending
2026-27,Adjunct Faculty,John Wiens,"John Wiens , Adjunct Professor of Education",CMU-UG-2026-27-INST-PEOPLE-ADJUNCT-FACULTY-011,70-Institutional-Information/Faculty-and-Staff/Adjunct-Faculty.md,official_transcription,pending
2026-27,Faculty Fellows,Kirit Patel,"Kirit Patel, Faculty Fellow in International Development Studies",CMU-UG-2026-27-INST-PEOPLE-FACULTY-FELLOWS-001,70-Institutional-Information/Faculty-and-Staff/Faculty-Fellows.md,official_transcription,pending
2026-27,Faculty Fellows,Lydia Schoeppner,"Lydia Schoeppner, Faculty Fellow in Conflict Resolution Studies",CMU-UG-2026-27-INST-PEOPLE-FACULTY-FELLOWS-002,70-Institutional-Information/Faculty-and-Staff/Faculty-Fellows.md,official_transcription,pending
2026-27,Faculty Fellows,Natalia Venger,"Natalia Venger, Faculty Fellow in History",CMU-UG-2026-27-INST-PEOPLE-FACULTY-FELLOWS-003,70-Institutional-Information/Faculty-and-Staff/Faculty-Fellows.md,official_transcription,pending
2026-27,Senior Scholars,Pierre Gilbert,"Pierre Gilbert, Senior Scholar of Biblical and Theological Studies",CMU-UG-2026-27-INST-PEOPLE-SENIOR-SCHOLARS-001,70-Institutional-Information/Faculty-and-Staff/Senior-Scholars.md,official_transcription,pending
2026-27,Senior Scholars,Daniel Epp-Tiessen,"Daniel Epp-Tiessen , Senior Scholar of Biblical and Theological Studies",CMU-UG-2026-27-INST-PEOPLE-SENIOR-SCHOLARS-002,70-Institutional-Information/Faculty-and-Staff/Senior-Scholars.md,official_transcription,pending
2026-27,Senior Scholars,Gordon Zerbe,"Gordon Zerbe, Senior Scholar of Biblical and Theological Studies",CMU-UG-2026-27-INST-PEOPLE-SENIOR-SCHOLARS-003,70-Institutional-Information/Faculty-and-Staff/Senior-Scholars.md,official_transcription,pending
2026-27,President’s Office,Cheryl Pauls,"Cheryl Pauls, President, MDA",CMU-UG-2026-27-INST-PEOPLE-PRESIDENT-S-OFFICE-001,70-Institutional-Information/Faculty-and-Staff/President-s-Office.md,official_transcription,pending
2026-27,President’s Office,Janet Brenneman,"Janet Brenneman, Academic Dean, PhD",CMU-UG-2026-27-INST-PEOPLE-PRESIDENT-S-OFFICE-002,70-Institutional-Information/Faculty-and-Staff/President-s-Office.md,official_transcription,pending
2026-27,President’s Office,Jerry Buckland,"Jerry Buckland, Vice-President Academic, PhD",CMU-UG-2026-27-INST-PEOPLE-PRESIDENT-S-OFFICE-003,70-Institutional-Information/Faculty-and-Staff/President-s-Office.md,official_transcription,pending
2026-27,President’s Office,Sandy Koop Harder,"Sandy Koop Harder , Vice-President External, MBA",CMU-UG-2026-27-INST-PEOPLE-PRESIDENT-S-OFFICE-004,70-Institutional-Information/Faculty-and-Staff/President-s-Office.md,official_transcription,pending
2026-27,President’s Office,Charlie Peronto,"Charlie Peronto , Vice-President Student Life and Campus Operations, MA",CMU-UG-2026-27-INST-PEOPLE-PRESIDENT-S-OFFICE-005,70-Institutional-Information/Faculty-and-Staff/President-s-Office.md,official_transcription,pending
2026-27,President’s Office,Gloria Rengifo,"Gloria Rengifo , Vice-President Finance, MFin",CMU-UG-2026-27-INST-PEOPLE-PRESIDENT-S-OFFICE-006,70-Institutional-Information/Faculty-and-Staff/President-s-Office.md,official_transcription,pending
2026-27,President’s Office,Renee Willms,"Renee Willms , Director, President’s Office, MA",CMU-UG-2026-27-INST-PEOPLE-PRESIDENT-S-OFFICE-007,70-Institutional-Information/Faculty-and-Staff/President-s-Office.md,official_transcription,pending
2026-27,Academic Office and Library,Wesley Bergen,"Wesley Bergen , Library Technician Interlibrary Lending Services, BCMin",CMU-UG-2026-27-INST-PEOPLE-ACADEMIC-OFFICE-AND-LIBRARY-001,70-Institutional-Information/Faculty-and-Staff/Academic-Office-and-Library.md,official_transcription,pending
2026-27,Academic Office and Library,Janet Brenneman,"Janet Brenneman, Academic Dean, PhD",CMU-UG-2026-27-INST-PEOPLE-ACADEMIC-OFFICE-AND-LIBRARY-002,70-Institutional-Information/Faculty-and-Staff/Academic-Office-and-Library.md,official_transcription,pending
2026-27,Academic Office and Library,Kayden Brown,"Kayden Brown , Families and Aging Research Coordinator, BA",CMU-UG-2026-27-INST-PEOPLE-ACADEMIC-OFFICE-AND-LIBRARY-003,70-Institutional-Information/Faculty-and-Staff/Academic-Office-and-Library.md,official_transcription,pending
2026-27,Academic Office and Library,Jerry Buckland,"Jerry Buckland, Vice-President Academic, PhD",CMU-UG-2026-27-INST-PEOPLE-ACADEMIC-OFFICE-AND-LIBRARY-004,70-Institutional-Information/Faculty-and-Staff/Academic-Office-and-Library.md,official_transcription,pending
2026-27,Academic Office and Library,Tamara Dyck,"Tamara Dyck , Senior Library Technician, Diploma",CMU-UG-2026-27-INST-PEOPLE-ACADEMIC-OFFICE-AND-LIBRARY-005,70-Institutional-Information/Faculty-and-Staff/Academic-Office-and-Library.md,official_transcription,pending
2026-27,Academic Office and Library,Victor Froese,"Victor Froese , Library Director, PhD, MLIS",CMU-UG-2026-27-INST-PEOPLE-ACADEMIC-OFFICE-AND-LIBRARY-006,70-Institutional-Information/Faculty-and-Staff/Academic-Office-and-Library.md,official_transcription,pending
2026-27,Academic Office and Library,Kaitlyn Janzen,"Kaitlyn Janzen , Library Assistant, BA",CMU-UG-2026-27-INST-PEOPLE-ACADEMIC-OFFICE-AND-LIBRARY-007,70-Institutional-Information/Faculty-and-Staff/Academic-Office-and-Library.md,official_transcription,pending
2026-27,Academic Office and Library,Martin Kaethler,"Martin Kaethler , Admissions Coordinator, BA",CMU-UG-2026-27-INST-PEOPLE-ACADEMIC-OFFICE-AND-LIBRARY-008,70-Institutional-Information/Faculty-and-Staff/Academic-Office-and-Library.md,official_transcription,pending
2026-27,Academic Office and Library,Christine Kampen Robinson,"Christine Kampen Robinson , Director of the Ens Centre for Career and Vocation and Director of Work-Integrated Learning, PhD",CMU-UG-2026-27-INST-PEOPLE-ACADEMIC-OFFICE-AND-LIBRARY-009,70-Institutional-Information/Faculty-and-Staff/Academic-Office-and-Library.md,official_transcription,pending
2026-27,Academic Office and Library,Richard Kodom,"Richard Kodom , Practicum Coordinator and Program Support, Social Work, PhD",CMU-UG-2026-27-INST-PEOPLE-ACADEMIC-OFFICE-AND-LIBRARY-010,70-Institutional-Information/Faculty-and-Staff/Academic-Office-and-Library.md,official_transcription,pending
2026-27,Academic Office and Library,Jennifer Kroeker,"Jennifer Kroeker , Library Technician Student Employee Supervisor, BA",CMU-UG-2026-27-INST-PEOPLE-ACADEMIC-OFFICE-AND-LIBRARY-011,70-Institutional-Information/Faculty-and-Staff/Academic-Office-and-Library.md,official_transcription,pending
2026-27,Academic Office and Library,Isaac Kuhl-Schlegel,"Isaac Kuhl-Schlegel , Career and Work-Integrated Learning Advisor, MTS",CMU-UG-2026-27-INST-PEOPLE-ACADEMIC-OFFICE-AND-LIBRARY-012,70-Institutional-Information/Faculty-and-Staff/Academic-Office-and-Library.md,official_transcription,pending
2026-27,Academic Office and Library,Gina Loewen,"Gina Loewen , Coordinator of Academic Advising, MA",CMU-UG-2026-27-INST-PEOPLE-ACADEMIC-OFFICE-AND-LIBRARY-013,70-Institutional-Information/Faculty-and-Staff/Academic-Office-and-Library.md,official_transcription,pending
2026-27,Academic Office and Library,Heidi Nighswander-Rempel,"Heidi Nighswander-Rempel , Assistant Registrar, BA",CMU-UG-2026-27-INST-PEOPLE-ACADEMIC-OFFICE-AND-LIBRARY-014,70-Institutional-Information/Faculty-and-Staff/Academic-Office-and-Library.md,official_transcription,pending
2026-27,Academic Office and Library,Melanie Penner,"Melanie Penner, Practicum Coordinator and Education Facilitator, BEd",CMU-UG-2026-27-INST-PEOPLE-ACADEMIC-OFFICE-AND-LIBRARY-015,70-Institutional-Information/Faculty-and-Staff/Academic-Office-and-Library.md,official_transcription,pending
2026-27,Academic Office and Library,Stephanie Penner,"Stephanie Penner , Assistant Vice-President Academic Program Development and Associate Registrar for Student Data, MEd",CMU-UG-2026-27-INST-PEOPLE-ACADEMIC-OFFICE-AND-LIBRARY-016,70-Institutional-Information/Faculty-and-Staff/Academic-Office-and-Library.md,official_transcription,pending
2026-27,Academic Office and Library,Jeremy Perrott,"Jeremy Perrott , Registrar, MAEd",CMU-UG-2026-27-INST-PEOPLE-ACADEMIC-OFFICE-AND-LIBRARY-017,70-Institutional-Information/Faculty-and-Staff/Academic-Office-and-Library.md,official_transcription,pending
2026-27,Academic Office and Library,Alrika Rojas,"Alrika Rojas , Learning and Research Hub Coordinator, BEnvSc",CMU-UG-2026-27-INST-PEOPLE-ACADEMIC-OFFICE-AND-LIBRARY-018,70-Institutional-Information/Faculty-and-Staff/Academic-Office-and-Library.md,official_transcription,pending
2026-27,Academic Office and Library,Valerie Smith,"Valerie Smith , Associate Registrar for Graduate Studies, EDI Project Director, MDiv",CMU-UG-2026-27-INST-PEOPLE-ACADEMIC-OFFICE-AND-LIBRARY-019,70-Institutional-Information/Faculty-and-Staff/Academic-Office-and-Library.md,official_transcription,pending
2026-27,Academic Office and Library,Kayla Thiessen,"Kayla Thiessen , Career and Work-Integrated Learning Advisor, MA",CMU-UG-2026-27-INST-PEOPLE-ACADEMIC-OFFICE-AND-LIBRARY-020,70-Institutional-Information/Faculty-and-Staff/Academic-Office-and-Library.md,official_transcription,pending
2026-27,Academic Office and Library,Greg Wiebe,"Greg Wiebe , Executive Coordinator, Office of the Vice-President Academic, PhD",CMU-UG-2026-27-INST-PEOPLE-ACADEMIC-OFFICE-AND-LIBRARY-021,70-Institutional-Information/Faculty-and-Staff/Academic-Office-and-Library.md,official_transcription,pending
2026-27,Academic Office and Library,Katrina Woelk,"Katrina Woelk , Practicum Coordinator and Program Support, Social Work, MSW",CMU-UG-2026-27-INST-PEOPLE-ACADEMIC-OFFICE-AND-LIBRARY-022,70-Institutional-Information/Faculty-and-Staff/Academic-Office-and-Library.md,official_transcription,pending
2026-27,Student Life,Hannah Alexander,"Hannah Alexander , Community Programs and Athletic Events Coordinator",CMU-UG-2026-27-INST-PEOPLE-STUDENT-LIFE-001,70-Institutional-Information/Faculty-and-Staff/Student-Life.md,official_transcription,pending
2026-27,Student Life,Matthaeus Dyck,"Matthaeus Dyck, Residence Life Assistant",CMU-UG-2026-27-INST-PEOPLE-STUDENT-LIFE-002,70-Institutional-Information/Faculty-and-Staff/Student-Life.md,official_transcription,pending
2026-27,Student Life,Joshua Ewert,"Joshua Ewert , Coordinator of Sports Information and Communication, BBA",CMU-UG-2026-27-INST-PEOPLE-STUDENT-LIFE-003,70-Institutional-Information/Faculty-and-Staff/Student-Life.md,official_transcription,pending
2026-27,Student Life,Sarah Klassen Bartel,"Sarah Klassen Bartel , Financial Aid and Awards Manager, BA",CMU-UG-2026-27-INST-PEOPLE-STUDENT-LIFE-004,70-Institutional-Information/Faculty-and-Staff/Student-Life.md,official_transcription,pending
2026-27,Student Life,Sandra Loeppky,"Sandra Loeppky , Coordinator of Accessibility Services, MA",CMU-UG-2026-27-INST-PEOPLE-STUDENT-LIFE-005,70-Institutional-Information/Faculty-and-Staff/Student-Life.md,official_transcription,pending
2026-27,Student Life,Danielle Morton,"Danielle Morton , Director of Student Community Life, BMus",CMU-UG-2026-27-INST-PEOPLE-STUDENT-LIFE-006,70-Institutional-Information/Faculty-and-Staff/Student-Life.md,official_transcription,pending
2026-27,Student Life,Bola Onijamah,"Bola Onijamah , Financial Aid and Awards Coordinator, MA",CMU-UG-2026-27-INST-PEOPLE-STUDENT-LIFE-007,70-Institutional-Information/Faculty-and-Staff/Student-Life.md,official_transcription,pending
2026-27,Student Life,Charlie Peronto,"Charlie Peronto , Vice-President Student Life and Campus Operations, MA",CMU-UG-2026-27-INST-PEOPLE-STUDENT-LIFE-008,70-Institutional-Information/Faculty-and-Staff/Student-Life.md,official_transcription,pending
2026-27,Student Life,Lisa Richard,"Lisa Richard , Coordinator of Student Advising, BA",CMU-UG-2026-27-INST-PEOPLE-STUDENT-LIFE-009,70-Institutional-Information/Faculty-and-Staff/Student-Life.md,official_transcription,pending
2026-27,Student Life,Annika Scheelar,"Annika Scheelar , Student Life Program Assistant, BA",CMU-UG-2026-27-INST-PEOPLE-STUDENT-LIFE-010,70-Institutional-Information/Faculty-and-Staff/Student-Life.md,official_transcription,pending
2026-27,Student Life,Gibo Shim,"Gibo Shim, Residence Director, MA",CMU-UG-2026-27-INST-PEOPLE-STUDENT-LIFE-011,70-Institutional-Information/Faculty-and-Staff/Student-Life.md,official_transcription,pending
2026-27,Student Life,Ricah Ursos,"Ricah Ursos , Coordinator of International Admissions and Programming, MA",CMU-UG-2026-27-INST-PEOPLE-STUDENT-LIFE-012,70-Institutional-Information/Faculty-and-Staff/Student-Life.md,official_transcription,pending
2026-27,Student Life,Russell Willms,"Russell Willms , Director of Athletics, MA",CMU-UG-2026-27-INST-PEOPLE-STUDENT-LIFE-013,70-Institutional-Information/Faculty-and-Staff/Student-Life.md,official_transcription,pending
2026-27,Student Life,River Woods,"River Woods , MSC Academic Advisor and Student Services Coordinator, BA",CMU-UG-2026-27-INST-PEOPLE-STUDENT-LIFE-014,70-Institutional-Information/Faculty-and-Staff/Student-Life.md,official_transcription,pending
2026-27,External,Tolu Adedokun,"Tolu Adedokun , Human Resources Generalist, BSc, HRM",CMU-UG-2026-27-INST-PEOPLE-EXTERNAL-001,70-Institutional-Information/Faculty-and-Staff/External.md,official_transcription,pending
2026-27,External,Danielle Bailey,"Danielle Bailey , Assistant Director of Admissions, MA",CMU-UG-2026-27-INST-PEOPLE-EXTERNAL-002,70-Institutional-Information/Faculty-and-Staff/External.md,official_transcription,pending
2026-27,External,Kenji Dyck,"Kenji Dyck, Social Media and Digital Advertising Coordinator",CMU-UG-2026-27-INST-PEOPLE-EXTERNAL-003,70-Institutional-Information/Faculty-and-Staff/External.md,official_transcription,pending
2026-27,External,Justony Genido,"Justony Genido , Admissions Communications Coordinator and Admissions Counsellor, BA",CMU-UG-2026-27-INST-PEOPLE-EXTERNAL-004,70-Institutional-Information/Faculty-and-Staff/External.md,official_transcription,pending
2026-27,External,Carol Hutman,"Carol Hutman , Manager of Donor and Alumni Relations, MSc",CMU-UG-2026-27-INST-PEOPLE-EXTERNAL-005,70-Institutional-Information/Faculty-and-Staff/External.md,official_transcription,pending
2026-27,External,Abigail Hill,"Abigail Hill , Senior Admissions Counsellor, BA",CMU-UG-2026-27-INST-PEOPLE-EXTERNAL-006,70-Institutional-Information/Faculty-and-Staff/External.md,official_transcription,pending
2026-27,External,Kevin Kilbrei,"Kevin Kilbrei , Director of Marketing and Communications, BComm (Hons)",CMU-UG-2026-27-INST-PEOPLE-EXTERNAL-007,70-Institutional-Information/Faculty-and-Staff/External.md,official_transcription,pending
2026-27,External,Nicolien Klassen-Wiebe,"Nicolien Klassen-Wiebe , Writer, Marketing and Communications, BA",CMU-UG-2026-27-INST-PEOPLE-EXTERNAL-008,70-Institutional-Information/Faculty-and-Staff/External.md,official_transcription,pending
2026-27,External,Sandy Koop Harder,"Sandy Koop Harder , Vice-President External, MBA",CMU-UG-2026-27-INST-PEOPLE-EXTERNAL-009,70-Institutional-Information/Faculty-and-Staff/External.md,official_transcription,pending
2026-27,External,Paul Little,"Paul Little , Web Developer, Diploma",CMU-UG-2026-27-INST-PEOPLE-EXTERNAL-010,70-Institutional-Information/Faculty-and-Staff/External.md,official_transcription,pending
2026-27,External,Pamela Lotun,"Pamela Lotun , Assistant Director of Marketing and Communications",CMU-UG-2026-27-INST-PEOPLE-EXTERNAL-011,70-Institutional-Information/Faculty-and-Staff/External.md,official_transcription,pending
2026-27,External,Mariah MacDonald,"Mariah MacDonald, CSMA Office Assistant, BMus",CMU-UG-2026-27-INST-PEOPLE-EXTERNAL-012,70-Institutional-Information/Faculty-and-Staff/External.md,official_transcription,pending
2026-27,External,Charity Mote,"Charity Mote , Admissions Counsellor, BA",CMU-UG-2026-27-INST-PEOPLE-EXTERNAL-013,70-Institutional-Information/Faculty-and-Staff/External.md,official_transcription,pending
2026-27,External,Hope Mwalugaja,"Hope Mwalugaja , Advancement Database Coordinator, BA",CMU-UG-2026-27-INST-PEOPLE-EXTERNAL-014,70-Institutional-Information/Faculty-and-Staff/External.md,official_transcription,pending
2026-27,External,Dara Neufeld,"Dara Neufeld , Admissions Counsellor, BA",CMU-UG-2026-27-INST-PEOPLE-EXTERNAL-015,70-Institutional-Information/Faculty-and-Staff/External.md,official_transcription,pending
2026-27,External,Darryl Neustaedter Barg,"Darryl Neustaedter Barg , Media Production Coordinator, BComm",CMU-UG-2026-27-INST-PEOPLE-EXTERNAL-016,70-Institutional-Information/Faculty-and-Staff/External.md,official_transcription,pending
2026-27,External,Michelle Nguyen,"Michelle Nguyen , Director of Admissions, MEd",CMU-UG-2026-27-INST-PEOPLE-EXTERNAL-017,70-Institutional-Information/Faculty-and-Staff/External.md,official_transcription,pending
2026-27,External,Judith Oatway,"Judith Oatway , Director of Community School of Music and the Arts, MMus",CMU-UG-2026-27-INST-PEOPLE-EXTERNAL-018,70-Institutional-Information/Faculty-and-Staff/External.md,official_transcription,pending
2026-27,External,Emily Pedreira,"Emily Pedreira , Admissions Events Coordinator, BA",CMU-UG-2026-27-INST-PEOPLE-EXTERNAL-019,70-Institutional-Information/Faculty-and-Staff/External.md,official_transcription,pending
2026-27,External,Paul Peters,"Paul Peters , Senior Advancement Associate, BA",CMU-UG-2026-27-INST-PEOPLE-EXTERNAL-020,70-Institutional-Information/Faculty-and-Staff/External.md,official_transcription,pending
2026-27,External,Marianne Siemens,"Marianne Siemens , Events Coordinator",CMU-UG-2026-27-INST-PEOPLE-EXTERNAL-021,70-Institutional-Information/Faculty-and-Staff/External.md,official_transcription,pending
2026-27,External,Sarah Sydney,"Sarah Sydney , Human Resources Generalist, Diploma",CMU-UG-2026-27-INST-PEOPLE-EXTERNAL-022,70-Institutional-Information/Faculty-and-Staff/External.md,official_transcription,pending
2026-27,External,Meghan Thiessen,"Meghan Thiessen , Director of Human Resources, BA, HRM",CMU-UG-2026-27-INST-PEOPLE-EXTERNAL-023,70-Institutional-Information/Faculty-and-Staff/External.md,official_transcription,pending
2026-27,External,Craig Terlson,"Craig Terlson, Design Manager",CMU-UG-2026-27-INST-PEOPLE-EXTERNAL-024,70-Institutional-Information/Faculty-and-Staff/External.md,official_transcription,pending
2026-27,External,Alex Tiessen,"Alex Tiessen, Director of Advancement, BA",CMU-UG-2026-27-INST-PEOPLE-EXTERNAL-025,70-Institutional-Information/Faculty-and-Staff/External.md,official_transcription,pending
2026-27,External,Myles Tiessen,"Myles Tiessen , Writer, Marking and Communications, BA",CMU-UG-2026-27-INST-PEOPLE-EXTERNAL-026,70-Institutional-Information/Faculty-and-Staff/External.md,official_transcription,pending
2026-27,External,Ricah Ursos,"Ricah Ursos , Coordinator of International Admissions and Programming, MA",CMU-UG-2026-27-INST-PEOPLE-EXTERNAL-027,70-Institutional-Information/Faculty-and-Staff/External.md,official_transcription,pending
2026-27,External,Jessie White,"Jessie White , Admissions Counsellor, BA",CMU-UG-2026-27-INST-PEOPLE-EXTERNAL-028,70-Institutional-Information/Faculty-and-Staff/External.md,official_transcription,pending
2026-27,"Finance, Food Services, and Facilities",Robert Adams,"Robert Adams , Head Chef",CMU-UG-2026-27-INST-PEOPLE-FINANCE-FOOD-SERVICES-AND-FACILITIES-001,70-Institutional-Information/Faculty-and-Staff/Finance-Food-Services-and-Facilities.md,official_transcription,pending
2026-27,"Finance, Food Services, and Facilities",Suranga Bandulage,"Suranga Bandulage , Cook, Diploma",CMU-UG-2026-27-INST-PEOPLE-FINANCE-FOOD-SERVICES-AND-FACILITIES-002,70-Institutional-Information/Faculty-and-Staff/Finance-Food-Services-and-Facilities.md,official_transcription,pending
2026-27,"Finance, Food Services, and Facilities",Raphael Christian Bauista,"Raphael Christian Bauista, Cook",CMU-UG-2026-27-INST-PEOPLE-FINANCE-FOOD-SERVICES-AND-FACILITIES-003,70-Institutional-Information/Faculty-and-Staff/Finance-Food-Services-and-Facilities.md,official_transcription,pending
2026-27,"Finance, Food Services, and Facilities",Richard Boyd,"Richard Boyd , Information Technology Administrator – AV, BA",CMU-UG-2026-27-INST-PEOPLE-FINANCE-FOOD-SERVICES-AND-FACILITIES-004,70-Institutional-Information/Faculty-and-Staff/Finance-Food-Services-and-Facilities.md,official_transcription,pending
2026-27,"Finance, Food Services, and Facilities",Alfridie Braun,"Alfridie Braun , Cook, Diploma",CMU-UG-2026-27-INST-PEOPLE-FINANCE-FOOD-SERVICES-AND-FACILITIES-005,70-Institutional-Information/Faculty-and-Staff/Finance-Food-Services-and-Facilities.md,official_transcription,pending
2026-27,"Finance, Food Services, and Facilities",Cori Braun,"Cori Braun , Accounts Receivable Clerk, BA",CMU-UG-2026-27-INST-PEOPLE-FINANCE-FOOD-SERVICES-AND-FACILITIES-006,70-Institutional-Information/Faculty-and-Staff/Finance-Food-Services-and-Facilities.md,official_transcription,pending
2026-27,"Finance, Food Services, and Facilities",Gonzalo Centurión Manzi,"Gonzalo Centurión Manzi, Hosting Coordinator, BA",CMU-UG-2026-27-INST-PEOPLE-FINANCE-FOOD-SERVICES-AND-FACILITIES-007,70-Institutional-Information/Faculty-and-Staff/Finance-Food-Services-and-Facilities.md,official_transcription,pending
2026-27,"Finance, Food Services, and Facilities",Krizanti Cruzado,"Krizanti Cruzado , Custodian",CMU-UG-2026-27-INST-PEOPLE-FINANCE-FOOD-SERVICES-AND-FACILITIES-008,70-Institutional-Information/Faculty-and-Staff/Finance-Food-Services-and-Facilities.md,official_transcription,pending
2026-27,"Finance, Food Services, and Facilities",Arlyn Friesen Epp,"Arlyn Friesen Epp, Director of CommonWord",CMU-UG-2026-27-INST-PEOPLE-FINANCE-FOOD-SERVICES-AND-FACILITIES-009,70-Institutional-Information/Faculty-and-Staff/Finance-Food-Services-and-Facilities.md,official_transcription,pending
2026-27,"Finance, Food Services, and Facilities",Cassidy Froese,"Cassidy Froese, Folio Barista",CMU-UG-2026-27-INST-PEOPLE-FINANCE-FOOD-SERVICES-AND-FACILITIES-010,70-Institutional-Information/Faculty-and-Staff/Finance-Food-Services-and-Facilities.md,official_transcription,pending
2026-27,"Finance, Food Services, and Facilities",Shelby Gaeke Franz,"Shelby Gaeke Franz , Financial Analyst, BBA",CMU-UG-2026-27-INST-PEOPLE-FINANCE-FOOD-SERVICES-AND-FACILITIES-011,70-Institutional-Information/Faculty-and-Staff/Finance-Food-Services-and-Facilities.md,official_transcription,pending
2026-27,"Finance, Food Services, and Facilities",Taylor Godwaldt,"Taylor Godwaldt , Café Coordinator, BA",CMU-UG-2026-27-INST-PEOPLE-FINANCE-FOOD-SERVICES-AND-FACILITIES-012,70-Institutional-Information/Faculty-and-Staff/Finance-Food-Services-and-Facilities.md,official_transcription,pending
2026-27,"Finance, Food Services, and Facilities",Simon Hamm,"Simon Hamm , Director of Food Services, BA",CMU-UG-2026-27-INST-PEOPLE-FINANCE-FOOD-SERVICES-AND-FACILITIES-013,70-Institutional-Information/Faculty-and-Staff/Finance-Food-Services-and-Facilities.md,official_transcription,pending
2026-27,"Finance, Food Services, and Facilities",Andrew Hamstra,"Andrew Hamstra , Physical Plant Manager, BA",CMU-UG-2026-27-INST-PEOPLE-FINANCE-FOOD-SERVICES-AND-FACILITIES-014,70-Institutional-Information/Faculty-and-Staff/Finance-Food-Services-and-Facilities.md,official_transcription,pending
2026-27,"Finance, Food Services, and Facilities",Nicholas Harder,"Nicholas Harder, Custodian, BA",CMU-UG-2026-27-INST-PEOPLE-FINANCE-FOOD-SERVICES-AND-FACILITIES-015,70-Institutional-Information/Faculty-and-Staff/Finance-Food-Services-and-Facilities.md,official_transcription,pending
2026-27,"Finance, Food Services, and Facilities",Robert Hastie,"Robert Hastie, Groundskeeper/Maintenance Technician, BA",CMU-UG-2026-27-INST-PEOPLE-FINANCE-FOOD-SERVICES-AND-FACILITIES-016,70-Institutional-Information/Faculty-and-Staff/Finance-Food-Services-and-Facilities.md,official_transcription,pending
2026-27,"Finance, Food Services, and Facilities",Genet Hirpo,"Genet Hirpo , Custodian",CMU-UG-2026-27-INST-PEOPLE-FINANCE-FOOD-SERVICES-AND-FACILITIES-017,70-Institutional-Information/Faculty-and-Staff/Finance-Food-Services-and-Facilities.md,official_transcription,pending
2026-27,"Finance, Food Services, and Facilities",Ledgie Ison,"Ledgie Ison , Facilities Manager",CMU-UG-2026-27-INST-PEOPLE-FINANCE-FOOD-SERVICES-AND-FACILITIES-018,70-Institutional-Information/Faculty-and-Staff/Finance-Food-Services-and-Facilities.md,official_transcription,pending
2026-27,"Finance, Food Services, and Facilities",Abreham Jember,"Abreham Jember , CommonWord Bookstore Associate, BBA",CMU-UG-2026-27-INST-PEOPLE-FINANCE-FOOD-SERVICES-AND-FACILITIES-019,70-Institutional-Information/Faculty-and-Staff/Finance-Food-Services-and-Facilities.md,official_transcription,pending
2026-27,"Finance, Food Services, and Facilities",Helen Kim,"Helen Kim , Financial Analyst, BA",CMU-UG-2026-27-INST-PEOPLE-FINANCE-FOOD-SERVICES-AND-FACILITIES-020,70-Institutional-Information/Faculty-and-Staff/Finance-Food-Services-and-Facilities.md,official_transcription,pending
2026-27,"Finance, Food Services, and Facilities",David Klippenstein,"David Klippenstein , Administrative Assistant, Mennonite Heritage Archives, BA",CMU-UG-2026-27-INST-PEOPLE-FINANCE-FOOD-SERVICES-AND-FACILITIES-021,70-Institutional-Information/Faculty-and-Staff/Finance-Food-Services-and-Facilities.md,official_transcription,pending
2026-27,"Finance, Food Services, and Facilities",Yong Sun Lee,"Yong Sun Lee , Maintenance Technician, BSc",CMU-UG-2026-27-INST-PEOPLE-FINANCE-FOOD-SERVICES-AND-FACILITIES-022,70-Institutional-Information/Faculty-and-Staff/Finance-Food-Services-and-Facilities.md,official_transcription,pending
2026-27,"Finance, Food Services, and Facilities",Jean Lotobi-Nosike,"Jean Lotobi-Nosike , Campus Receptionist, Assiniboine Castle, BA",CMU-UG-2026-27-INST-PEOPLE-FINANCE-FOOD-SERVICES-AND-FACILITIES-023,70-Institutional-Information/Faculty-and-Staff/Finance-Food-Services-and-Facilities.md,official_transcription,pending
2026-27,"Finance, Food Services, and Facilities",Julius (JC) Luna,"Julius (JC) Luna , IT Infrastructure Support Technician, BSc",CMU-UG-2026-27-INST-PEOPLE-FINANCE-FOOD-SERVICES-AND-FACILITIES-024,70-Institutional-Information/Faculty-and-Staff/Finance-Food-Services-and-Facilities.md,official_transcription,pending
2026-27,"Finance, Food Services, and Facilities",Rob Martens,"Rob Martens , Lead Maintenance Technician, BA",CMU-UG-2026-27-INST-PEOPLE-FINANCE-FOOD-SERVICES-AND-FACILITIES-025,70-Institutional-Information/Faculty-and-Staff/Finance-Food-Services-and-Facilities.md,official_transcription,pending
2026-27,"Finance, Food Services, and Facilities",Senait Meheri,"Senait Meheri , Custodian, Certificate",CMU-UG-2026-27-INST-PEOPLE-FINANCE-FOOD-SERVICES-AND-FACILITIES-026,70-Institutional-Information/Faculty-and-Staff/Finance-Food-Services-and-Facilities.md,official_transcription,pending
2026-27,"Finance, Food Services, and Facilities",Chantel Mierau,"Chantel Mierau , Financial Analyst and Research Grants Coordinator, BFA (Hons)",CMU-UG-2026-27-INST-PEOPLE-FINANCE-FOOD-SERVICES-AND-FACILITIES-027,70-Institutional-Information/Faculty-and-Staff/Finance-Food-Services-and-Facilities.md,official_transcription,pending
2026-27,"Finance, Food Services, and Facilities",Eric Munuhe,"Eric Munuhe , Hosting Manager, BA",CMU-UG-2026-27-INST-PEOPLE-FINANCE-FOOD-SERVICES-AND-FACILITIES-028,70-Institutional-Information/Faculty-and-Staff/Finance-Food-Services-and-Facilities.md,official_transcription,pending
2026-27,"Finance, Food Services, and Facilities",Ruth Mweresa,"Ruth Mweresa , Payroll Analyst, CPA(K)",CMU-UG-2026-27-INST-PEOPLE-FINANCE-FOOD-SERVICES-AND-FACILITIES-029,70-Institutional-Information/Faculty-and-Staff/Finance-Food-Services-and-Facilities.md,official_transcription,pending
2026-27,"Finance, Food Services, and Facilities",Oscar Navarro,"Oscar Navarro , Intermediate Accountant, MA",CMU-UG-2026-27-INST-PEOPLE-FINANCE-FOOD-SERVICES-AND-FACILITIES-030,70-Institutional-Information/Faculty-and-Staff/Finance-Food-Services-and-Facilities.md,official_transcription,pending
2026-27,"Finance, Food Services, and Facilities",Heather Neufeld,"Heather Neufeld , Kitchen Assistant",CMU-UG-2026-27-INST-PEOPLE-FINANCE-FOOD-SERVICES-AND-FACILITIES-031,70-Institutional-Information/Faculty-and-Staff/Finance-Food-Services-and-Facilities.md,official_transcription,pending
2026-27,"Finance, Food Services, and Facilities",Randy Neufeld,"Randy Neufeld , Director of Operations, Certificate",CMU-UG-2026-27-INST-PEOPLE-FINANCE-FOOD-SERVICES-AND-FACILITIES-032,70-Institutional-Information/Faculty-and-Staff/Finance-Food-Services-and-Facilities.md,official_transcription,pending
2026-27,"Finance, Food Services, and Facilities",Pauline Njoroge,"Pauline Njoroge , Custodian, BA",CMU-UG-2026-27-INST-PEOPLE-FINANCE-FOOD-SERVICES-AND-FACILITIES-033,70-Institutional-Information/Faculty-and-Staff/Finance-Food-Services-and-Facilities.md,official_transcription,pending
2026-27,"Finance, Food Services, and Facilities",Joyce Ohaleta,"Joyce Ohaleta, Custodian",CMU-UG-2026-27-INST-PEOPLE-FINANCE-FOOD-SERVICES-AND-FACILITIES-034,70-Institutional-Information/Faculty-and-Staff/Finance-Food-Services-and-Facilities.md,official_transcription,pending
2026-27,"Finance, Food Services, and Facilities",Charlie Peronto,"Charlie Peronto , Vice-President Student Life and Campus Operations, MA",CMU-UG-2026-27-INST-PEOPLE-FINANCE-FOOD-SERVICES-AND-FACILITIES-035,70-Institutional-Information/Faculty-and-Staff/Finance-Food-Services-and-Facilities.md,official_transcription,pending
2026-27,"Finance, Food Services, and Facilities",Lucas Redekop,"Lucas Redekop , Financial Operations Manager, CPA",CMU-UG-2026-27-INST-PEOPLE-FINANCE-FOOD-SERVICES-AND-FACILITIES-036,70-Institutional-Information/Faculty-and-Staff/Finance-Food-Services-and-Facilities.md,official_transcription,pending
2026-27,"Finance, Food Services, and Facilities",Ryan Rempel,"Ryan Rempel , Director of Information Technology, LLM",CMU-UG-2026-27-INST-PEOPLE-FINANCE-FOOD-SERVICES-AND-FACILITIES-037,70-Institutional-Information/Faculty-and-Staff/Finance-Food-Services-and-Facilities.md,official_transcription,pending
2026-27,"Finance, Food Services, and Facilities",Gloria Rengifo,"Gloria Rengifo , Vice-President Finance, MFin",CMU-UG-2026-27-INST-PEOPLE-FINANCE-FOOD-SERVICES-AND-FACILITIES-038,70-Institutional-Information/Faculty-and-Staff/Finance-Food-Services-and-Facilities.md,official_transcription,pending
2026-27,"Finance, Food Services, and Facilities",AnaSara Rojas,"AnaSara Rojas , Administrative Assistant, CommonWord, BA",CMU-UG-2026-27-INST-PEOPLE-FINANCE-FOOD-SERVICES-AND-FACILITIES-039,70-Institutional-Information/Faculty-and-Staff/Finance-Food-Services-and-Facilities.md,official_transcription,pending
2026-27,"Finance, Food Services, and Facilities",Tanja Sawatzky,"Tanja Sawatzky , Custodian, Certificate",CMU-UG-2026-27-INST-PEOPLE-FINANCE-FOOD-SERVICES-AND-FACILITIES-040,70-Institutional-Information/Faculty-and-Staff/Finance-Food-Services-and-Facilities.md,official_transcription,pending
2026-27,"Finance, Food Services, and Facilities",Laura Schmidt,"Laura Schmidt, Kitchen Assistant",CMU-UG-2026-27-INST-PEOPLE-FINANCE-FOOD-SERVICES-AND-FACILITIES-041,70-Institutional-Information/Faculty-and-Staff/Finance-Food-Services-and-Facilities.md,official_transcription,pending
2026-27,"Finance, Food Services, and Facilities",Holly Smith,"Holly Smith , Folio Barista, BA",CMU-UG-2026-27-INST-PEOPLE-FINANCE-FOOD-SERVICES-AND-FACILITIES-042,70-Institutional-Information/Faculty-and-Staff/Finance-Food-Services-and-Facilities.md,official_transcription,pending
2026-27,"Finance, Food Services, and Facilities",Conrad Stoesz,"Conrad Stoesz , Archivist, Mennonite Heritage Archives, MA",CMU-UG-2026-27-INST-PEOPLE-FINANCE-FOOD-SERVICES-AND-FACILITIES-043,70-Institutional-Information/Faculty-and-Staff/Finance-Food-Services-and-Facilities.md,official_transcription,pending
2026-27,"Finance, Food Services, and Facilities",Rick Unger,"Rick Unger , Maintenance Technician, BSc",CMU-UG-2026-27-INST-PEOPLE-FINANCE-FOOD-SERVICES-AND-FACILITIES-044,70-Institutional-Information/Faculty-and-Staff/Finance-Food-Services-and-Facilities.md,official_transcription,pending
2026-27,Institutes,Community School of Music and the Arts,Community School of Music and the Arts,CMU-UG-2026-27-INST-PEOPLE-INSTITUTES-001,70-Institutional-Information/Faculty-and-Staff/Institutes.md,official_transcription,pending
2026-27,Institutes,Judith Oatway,"Judith Oatway , Director, MMus",CMU-UG-2026-27-INST-PEOPLE-INSTITUTES-002,70-Institutional-Information/Faculty-and-Staff/Institutes.md,official_transcription,pending
2026-27,Institutes,Mariah MacDonald,"Mariah MacDonald, CSMA Office Assistant, BMus",CMU-UG-2026-27-INST-PEOPLE-INSTITUTES-003,70-Institutional-Information/Faculty-and-Staff/Institutes.md,official_transcription,pending
2026-27,Emeriti,Irmgard Baerg,"Irmgard Baerg, Professor Emeritus of Music, AMM, ARCT, Konzert Diplom",CMU-UG-2026-27-INST-PEOPLE-EMERITI-001,70-Institutional-Information/Faculty-and-Staff/Emeriti.md,official_transcription,pending
2026-27,Emeriti,William Baerg,"William Baerg, Professor Emeritus of Music, BA, ARCT, MMus, DMA",CMU-UG-2026-27-INST-PEOPLE-EMERITI-002,70-Institutional-Information/Faculty-and-Staff/Emeriti.md,official_transcription,pending
2026-27,Emeriti,Dietrich Bartel,"Dietrich Bartel , Professor Emeritus of Music, BMus, PhD",CMU-UG-2026-27-INST-PEOPLE-EMERITI-003,70-Institutional-Information/Faculty-and-Staff/Emeriti.md,official_transcription,pending
2026-27,Emeriti,Abe Dueck,"Abe Dueck, Academic Dean Emeritus, BD, PhD",CMU-UG-2026-27-INST-PEOPLE-EMERITI-004,70-Institutional-Information/Faculty-and-Staff/Emeriti.md,official_transcription,pending
2026-27,Emeriti,Gerald C. Ediger,"Gerald C. Ediger , Professor Emeritus of Christian History, BA (Hons), MEd, MDiv, ThD",CMU-UG-2026-27-INST-PEOPLE-EMERITI-005,70-Institutional-Information/Faculty-and-Staff/Emeriti.md,official_transcription,pending
2026-27,Emeriti,Lois Edmund,"Lois Edmund, Associate Professor Emeritus of Conflict Resolution, BSc (Hons), MA, PhD",CMU-UG-2026-27-INST-PEOPLE-EMERITI-006,70-Institutional-Information/Faculty-and-Staff/Emeriti.md,official_transcription,pending
2026-27,Emeriti,Adolf Ens,"Adolf Ens, Professor Emeritus of History and Theology, BSc (Hons), MSc, BD, PhD",CMU-UG-2026-27-INST-PEOPLE-EMERITI-007,70-Institutional-Information/Faculty-and-Staff/Emeriti.md,official_transcription,pending
2026-27,Emeriti,Daniel Epp-Tiessen,"Daniel Epp-Tiessen, Associate Professor Emeritus of Bible, BTh, BA, MA, PhD",CMU-UG-2026-27-INST-PEOPLE-EMERITI-008,70-Institutional-Information/Faculty-and-Staff/Emeriti.md,official_transcription,pending
2026-27,Emeriti,Irma Fast Dueck,"Irma Fast Dueck , Professor Emeritus of Practical Theology, BA, MDiv, ThD",CMU-UG-2026-27-INST-PEOPLE-EMERITI-009,70-Institutional-Information/Faculty-and-Staff/Emeriti.md,official_transcription,pending
2026-27,Emeriti,John J. Friesen,"John J. Friesen , Professor Emeritus of History and Theology, BChrEd, AB, BD, PhD",CMU-UG-2026-27-INST-PEOPLE-EMERITI-010,70-Institutional-Information/Faculty-and-Staff/Emeriti.md,official_transcription,pending
2026-27,Emeriti,Neil (Cornelius) Funk-Unrau,"Neil (Cornelius) Funk-Unrau, Associate Professor Emeritus of Conflict Resolution Studies, BSc (Hons), MA, PhD",CMU-UG-2026-27-INST-PEOPLE-EMERITI-011,70-Institutional-Information/Faculty-and-Staff/Emeriti.md,official_transcription,pending
2026-27,Emeriti,Gerald Gerbrandt,"Gerald Gerbrandt, President Emeritus and Professor Emeritus of Bible, BChrEd, AB, MDiv, PhD",CMU-UG-2026-27-INST-PEOPLE-EMERITI-012,70-Institutional-Information/Faculty-and-Staff/Emeriti.md,official_transcription,pending
2026-27,Emeriti,Pierre Gilbert,"Pierre Gilbert, Associate Professor Emeritus of Biblical Studies and Theology, BRE, MA, PhD",CMU-UG-2026-27-INST-PEOPLE-EMERITI-013,70-Institutional-Information/Faculty-and-Staff/Emeriti.md,official_transcription,pending
2026-27,Emeriti,Titus Guenther,"Titus Guenther, Associate Professor Emeritus of Theology and Missions, Diploma, BTh, BA, MA, PhD",CMU-UG-2026-27-INST-PEOPLE-EMERITI-014,70-Institutional-Information/Faculty-and-Staff/Emeriti.md,official_transcription,pending
2026-27,Emeriti,Harry Huebner,"Harry Huebner, Professor Emeritus of Philosophy and Theology, BA, MA, PhD",CMU-UG-2026-27-INST-PEOPLE-EMERITI-015,70-Institutional-Information/Faculty-and-Staff/Emeriti.md,official_transcription,pending
2026-27,Emeriti,Gordon Matties,"Gordon Matties, Professor Emeritus of Biblical Studies and Theology, Diploma, BA, Diploma, MA, PhD",CMU-UG-2026-27-INST-PEOPLE-EMERITI-016,70-Institutional-Information/Faculty-and-Staff/Emeriti.md,official_transcription,pending
2026-27,Emeriti,Bernie Neufeld,"Bernie Neufeld, Assistant Professor Emeritus of Music, AB, ARCT, MA",CMU-UG-2026-27-INST-PEOPLE-EMERITI-017,70-Institutional-Information/Faculty-and-Staff/Emeriti.md,official_transcription,pending
2026-27,Emeriti,Sig Polle,"Sig Polle, Assistant Professor Emeritus of Practical Theology, BA, BD, MA, PhD",CMU-UG-2026-27-INST-PEOPLE-EMERITI-018,70-Institutional-Information/Faculty-and-Staff/Emeriti.md,official_transcription,pending
2026-27,Emeriti,Paul Redekop,"Paul Redekop, Associate Professor Emeritus of Conflict Resolution Studies, BA, MA, PhD",CMU-UG-2026-27-INST-PEOPLE-EMERITI-019,70-Institutional-Information/Faculty-and-Staff/Emeriti.md,official_transcription,pending
2026-27,Emeriti,Jarem Sawatsky,"Jarem Sawatsky, Associate Professor Emeritus of Peace and Conflict Transformation Studies, BTh, BA, MA, PhD",CMU-UG-2026-27-INST-PEOPLE-EMERITI-020,70-Institutional-Information/Faculty-and-Staff/Emeriti.md,official_transcription,pending
2026-27,Emeriti,Henrietta Schellenberg,"Henrietta Schellenberg, Assistant Professor Emeritus of Music, Diploma, Konzert Diplom.",CMU-UG-2026-27-INST-PEOPLE-EMERITI-021,70-Institutional-Information/Faculty-and-Staff/Emeriti.md,official_transcription,pending
2026-27,Emeriti,Rudy Schellenberg,"Rudy Schellenberg, Associate Professor Emeritus of Music, BChM, BMus, MMus",CMU-UG-2026-27-INST-PEOPLE-EMERITI-022,70-Institutional-Information/Faculty-and-Staff/Emeriti.md,official_transcription,pending
2026-27,Emeriti,V. George Shillington,"V. George Shillington , Professor Emeritus of Biblical Studies and Theology, BTh, BA, MDiv, MA, PhD",CMU-UG-2026-27-INST-PEOPLE-EMERITI-023,70-Institutional-Information/Faculty-and-Staff/Emeriti.md,official_transcription,pending
2026-27,Emeriti,Gordon Zerbe,"Gordon Zerbe, Professor Emeritus of New Testament, BA, MA, MA, PhD",CMU-UG-2026-27-INST-PEOPLE-EMERITI-024,70-Institutional-Information/Faculty-and-Staff/Emeriti.md,official_transcription,pending
2026-27,Emeriti,Esther Wiens,"Esther Wiens , Associate Professor Emeritus of English, BRE, MA, PhD",CMU-UG-2026-27-INST-PEOPLE-EMERITI-025,70-Institutional-Information/Faculty-and-Staff/Emeriti.md,official_transcription,pending
