category,manitoba_course_number,course_title,designation,section_id,source_file,authority_status,validation_status
English Courses,0014,ENGLISH: LANGUAGE & COMPOSITION AP,42S,CMU-UG-2026-27-APP-A-0014,80-Appendices/Appendix-A-Manitoba-Grade-12-Courses.md,official_transcription,pending
English Courses,0015,ENGLISH: LITERATURE & COMPOSITION AP,42S,CMU-UG-2026-27-APP-A-0015,80-Appendices/Appendix-A-Manitoba-Grade-12-Courses.md,official_transcription,pending
English Courses,0016,ENGLISH IB SL,42S,CMU-UG-2026-27-APP-A-0016,80-Appendices/Appendix-A-Manitoba-Grade-12-Courses.md,official_transcription,pending
English Courses,0017,ENGLISH IB HL,42S,CMU-UG-2026-27-APP-A-0017,80-Appendices/Appendix-A-Manitoba-Grade-12-Courses.md,official_transcription,pending
English Courses,0028,ELA: LANGUAGE & LITERARY FORMS,40S,CMU-UG-2026-27-APP-A-0028,80-Appendices/Appendix-A-Manitoba-Grade-12-Courses.md,official_transcription,pending
English Courses,0029,ELA: LANGUAGE & TRANSACTIONAL FORMS,40S,CMU-UG-2026-27-APP-A-0029,80-Appendices/Appendix-A-Manitoba-Grade-12-Courses.md,official_transcription,pending
English Courses,0030,ELA: LANG. & TECHNICAL COMMUNICATION,40S,CMU-UG-2026-27-APP-A-0030,80-Appendices/Appendix-A-Manitoba-Grade-12-Courses.md,official_transcription,pending
English Courses,0031,ANGLAIS: LANG. & LITERARY FORMS,40S,CMU-UG-2026-27-APP-A-0031,80-Appendices/Appendix-A-Manitoba-Grade-12-Courses.md,official_transcription,pending
English Courses,0032,ANGLAIS: LANG. & TRANSACTIONAL FORMS,40S,CMU-UG-2026-27-APP-A-0032,80-Appendices/Appendix-A-Manitoba-Grade-12-Courses.md,official_transcription,pending
English Courses,0033,ANGLAIS: LANG. & TECHNICAL COMM.,40S,CMU-UG-2026-27-APP-A-0033,80-Appendices/Appendix-A-Manitoba-Grade-12-Courses.md,official_transcription,pending
English Courses,0035,ELA-IMMERSION: LANG. & LIT. FORMS,40S,CMU-UG-2026-27-APP-A-0035,80-Appendices/Appendix-A-Manitoba-Grade-12-Courses.md,official_transcription,pending
English Courses,0036,ELA-IMMERSION: LANG. & TRANS. FORMS,40S,CMU-UG-2026-27-APP-A-0036,80-Appendices/Appendix-A-Manitoba-Grade-12-Courses.md,official_transcription,pending
English Courses,0037,ELA-IMMERSION: LANGUAGE & TECH. COMM.,40S,CMU-UG-2026-27-APP-A-0037,80-Appendices/Appendix-A-Manitoba-Grade-12-Courses.md,official_transcription,pending
English Courses,0070,ANGLAIS: COMPREHENSIVE FOCUS,40S,CMU-UG-2026-27-APP-A-0070,80-Appendices/Appendix-A-Manitoba-Grade-12-Courses.md,official_transcription,pending
English Courses,0071,ANGLAIS: LITERARY FOCUS,40S,CMU-UG-2026-27-APP-A-0071,80-Appendices/Appendix-A-Manitoba-Grade-12-Courses.md,official_transcription,pending
English Courses,0072,ANGLAIS: TRANSACTIONAL FOCUS,40S,CMU-UG-2026-27-APP-A-0072,80-Appendices/Appendix-A-Manitoba-Grade-12-Courses.md,official_transcription,pending
English Courses,0073,ELA-IMMERSION: COMPREHENSIVE FOCUS,40S,CMU-UG-2026-27-APP-A-0073,80-Appendices/Appendix-A-Manitoba-Grade-12-Courses.md,official_transcription,pending
English Courses,0074,ELA-IMMERSION: LITERARY FOCUS,40S,CMU-UG-2026-27-APP-A-0074,80-Appendices/Appendix-A-Manitoba-Grade-12-Courses.md,official_transcription,pending
English Courses,0075,ELA-IMMERSION: TRANSACTIONAL FOCUS,40S,CMU-UG-2026-27-APP-A-0075,80-Appendices/Appendix-A-Manitoba-Grade-12-Courses.md,official_transcription,pending
English Courses,0092,ELA: COMPREHENSIVE FOCUS,40S,CMU-UG-2026-27-APP-A-0092,80-Appendices/Appendix-A-Manitoba-Grade-12-Courses.md,official_transcription,pending
English Courses,0093,ELA: LITERARY FOCUS,40S,CMU-UG-2026-27-APP-A-0093,80-Appendices/Appendix-A-Manitoba-Grade-12-Courses.md,official_transcription,pending
English Courses,0094,ELA: TRANSACTIONAL FOCUS,40S,CMU-UG-2026-27-APP-A-0094,80-Appendices/Appendix-A-Manitoba-Grade-12-Courses.md,official_transcription,pending
Other Courses,0047,HISTORY: UNITED STATES AP,42S,CMU-UG-2026-27-APP-A-0047,80-Appendices/Appendix-A-Manitoba-Grade-12-Courses.md,official_transcription,pending
Other Courses,0048,HISTORY: EUROPEAN AP,42S,CMU-UG-2026-27-APP-A-0048,80-Appendices/Appendix-A-Manitoba-Grade-12-Courses.md,official_transcription,pending
Other Courses,0089,MATHEMATICS IB SL,42S,CMU-UG-2026-27-APP-A-0089,80-Appendices/Appendix-A-Manitoba-Grade-12-Courses.md,official_transcription,pending
Other Courses,0090,MATHEMATICS IB HL,42S,CMU-UG-2026-27-APP-A-0090,80-Appendices/Appendix-A-Manitoba-Grade-12-Courses.md,official_transcription,pending
Other Courses,0091,MATHEMATICAL METHODS IB,42S,CMU-UG-2026-27-APP-A-0091,80-Appendices/Appendix-A-Manitoba-Grade-12-Courses.md,official_transcription,pending
Other Courses,0100,LIFE/WORK TRANSITIONING,40S,CMU-UG-2026-27-APP-A-0100,80-Appendices/Appendix-A-Manitoba-Grade-12-Courses.md,official_transcription,pending
Other Courses,0103,CURRENT TOPICS IN FNMI STUDIES GR. 12,40S,CMU-UG-2026-27-APP-A-0103,80-Appendices/Appendix-A-Manitoba-Grade-12-Courses.md,official_transcription,pending
Other Courses,0106,HISTORY: WORLD AP,42S,CMU-UG-2026-27-APP-A-0106,80-Appendices/Appendix-A-Manitoba-Grade-12-Courses.md,official_transcription,pending
Other Courses,0108,STUDIO ART: 2-D DESIGN PORTFOLIO AP,42S,CMU-UG-2026-27-APP-A-0108,80-Appendices/Appendix-A-Manitoba-Grade-12-Courses.md,official_transcription,pending
Other Courses,0109,PSYCHOLOGY IB HL,42S,CMU-UG-2026-27-APP-A-0109,80-Appendices/Appendix-A-Manitoba-Grade-12-Courses.md,official_transcription,pending
Other Courses,0112,FILM STUDIES IB SL,42S,CMU-UG-2026-27-APP-A-0112,80-Appendices/Appendix-A-Manitoba-Grade-12-Courses.md,official_transcription,pending
Other Courses,0122,CHEMISTRY,40S,CMU-UG-2026-27-APP-A-0122,80-Appendices/Appendix-A-Manitoba-Grade-12-Courses.md,official_transcription,pending
Other Courses,0123,PHYSICS,40S,CMU-UG-2026-27-APP-A-0123,80-Appendices/Appendix-A-Manitoba-Grade-12-Courses.md,official_transcription,pending
Other Courses,0124,BIOLOGY,40S,CMU-UG-2026-27-APP-A-0124,80-Appendices/Appendix-A-Manitoba-Grade-12-Courses.md,official_transcription,pending
Other Courses,0132,BIOLOGY AP,42S,CMU-UG-2026-27-APP-A-0132,80-Appendices/Appendix-A-Manitoba-Grade-12-Courses.md,official_transcription,pending
Other Courses,0133,CHEMISTRY AP,42S,CMU-UG-2026-27-APP-A-0133,80-Appendices/Appendix-A-Manitoba-Grade-12-Courses.md,official_transcription,pending
Other Courses,0135,PHYSICS C AP,42S,CMU-UG-2026-27-APP-A-0135,80-Appendices/Appendix-A-Manitoba-Grade-12-Courses.md,official_transcription,pending
Other Courses,0140,INTERDISCIPLINARY TOPICS IN SCIENCES,40S,CMU-UG-2026-27-APP-A-0140,80-Appendices/Appendix-A-Manitoba-Grade-12-Courses.md,official_transcription,pending
Other Courses,0141,ENVIRONMENTAL SCIENCE AP,42S,CMU-UG-2026-27-APP-A-0141,80-Appendices/Appendix-A-Manitoba-Grade-12-Courses.md,official_transcription,pending
Other Courses,0157,DANCE IB HL,42S,CMU-UG-2026-27-APP-A-0157,80-Appendices/Appendix-A-Manitoba-Grade-12-Courses.md,official_transcription,pending
Other Courses,0158,DANCE IB SL,42S,CMU-UG-2026-27-APP-A-0158,80-Appendices/Appendix-A-Manitoba-Grade-12-Courses.md,official_transcription,pending
Other Courses,0173,"SPORTS, EXERCS. & HEALTH SCIENCES IB SL",42S,CMU-UG-2026-27-APP-A-0173,80-Appendices/Appendix-A-Manitoba-Grade-12-Courses.md,official_transcription,pending
Other Courses,0174,DANCE 1A,40S,CMU-UG-2026-27-APP-A-0174,80-Appendices/Appendix-A-Manitoba-Grade-12-Courses.md,official_transcription,pending
Other Courses,0176,DANCE 2A,40S,CMU-UG-2026-27-APP-A-0176,80-Appendices/Appendix-A-Manitoba-Grade-12-Courses.md,official_transcription,pending
Other Courses,0178,DANCE 3A,40S,CMU-UG-2026-27-APP-A-0178,80-Appendices/Appendix-A-Manitoba-Grade-12-Courses.md,official_transcription,pending
Other Courses,0180,DANCE 4A,40S,CMU-UG-2026-27-APP-A-0180,80-Appendices/Appendix-A-Manitoba-Grade-12-Courses.md,official_transcription,pending
Other Courses,0182,DANCE 5A,40S,CMU-UG-2026-27-APP-A-0182,80-Appendices/Appendix-A-Manitoba-Grade-12-Courses.md,official_transcription,pending
Other Courses,0183,BIOLOGY IB SL,42S,CMU-UG-2026-27-APP-A-0183,80-Appendices/Appendix-A-Manitoba-Grade-12-Courses.md,official_transcription,pending
Other Courses,0184,BIOLOGY IB HL,42S,CMU-UG-2026-27-APP-A-0184,80-Appendices/Appendix-A-Manitoba-Grade-12-Courses.md,official_transcription,pending
Other Courses,0185,CHEMISTRY IB SL,42S,CMU-UG-2026-27-APP-A-0185,80-Appendices/Appendix-A-Manitoba-Grade-12-Courses.md,official_transcription,pending
Other Courses,0186,CHEMISTRY IB HL,42S,CMU-UG-2026-27-APP-A-0186,80-Appendices/Appendix-A-Manitoba-Grade-12-Courses.md,official_transcription,pending
Other Courses,0187,PHYSICS IB SL,42S,CMU-UG-2026-27-APP-A-0187,80-Appendices/Appendix-A-Manitoba-Grade-12-Courses.md,official_transcription,pending
Other Courses,0188,PHYSICS IB HL,42S,CMU-UG-2026-27-APP-A-0188,80-Appendices/Appendix-A-Manitoba-Grade-12-Courses.md,official_transcription,pending
Other Courses,0191,HISTORY IB SL,42S,CMU-UG-2026-27-APP-A-0191,80-Appendices/Appendix-A-Manitoba-Grade-12-Courses.md,official_transcription,pending
Other Courses,0192,HISTORY IB HL (AMERICAN),42S,CMU-UG-2026-27-APP-A-0192,80-Appendices/Appendix-A-Manitoba-Grade-12-Courses.md,official_transcription,pending
Other Courses,0193,HISTORY IB HL (EUROPEAN),42S,CMU-UG-2026-27-APP-A-0193,80-Appendices/Appendix-A-Manitoba-Grade-12-Courses.md,official_transcription,pending
Other Courses,0194,DANCE 6A,40S,CMU-UG-2026-27-APP-A-0194,80-Appendices/Appendix-A-Manitoba-Grade-12-Courses.md,official_transcription,pending
Other Courses,0196,DANCE 7A,40S,CMU-UG-2026-27-APP-A-0196,80-Appendices/Appendix-A-Manitoba-Grade-12-Courses.md,official_transcription,pending
Other Courses,0198,DANCE 8A,40S,CMU-UG-2026-27-APP-A-0198,80-Appendices/Appendix-A-Manitoba-Grade-12-Courses.md,official_transcription,pending
Other Courses,0205,STUDIO ART: GENERAL PORTFOLIO AP,42S,CMU-UG-2026-27-APP-A-0205,80-Appendices/Appendix-A-Manitoba-Grade-12-Courses.md,official_transcription,pending
Other Courses,0206,HISTORY OF ART AP,42S,CMU-UG-2026-27-APP-A-0206,80-Appendices/Appendix-A-Manitoba-Grade-12-Courses.md,official_transcription,pending
Other Courses,0212,ART DESIGN (VISUAL ARTS) IB SL,42S,CMU-UG-2026-27-APP-A-0212,80-Appendices/Appendix-A-Manitoba-Grade-12-Courses.md,official_transcription,pending
Other Courses,0215,ART DESIGN IB HL,42S,CMU-UG-2026-27-APP-A-0215,80-Appendices/Appendix-A-Manitoba-Grade-12-Courses.md,official_transcription,pending
Other Courses,0216,STUDIO ART: DRAWING PORTFOLIO AP,42S,CMU-UG-2026-27-APP-A-0216,80-Appendices/Appendix-A-Manitoba-Grade-12-Courses.md,official_transcription,pending
Other Courses,0239,DRAMA 1A,40S,CMU-UG-2026-27-APP-A-0239,80-Appendices/Appendix-A-Manitoba-Grade-12-Courses.md,official_transcription,pending
Other Courses,0242,DRAMA 2A,40S,CMU-UG-2026-27-APP-A-0242,80-Appendices/Appendix-A-Manitoba-Grade-12-Courses.md,official_transcription,pending
Other Courses,0244,DRAMA 3A,40S,CMU-UG-2026-27-APP-A-0244,80-Appendices/Appendix-A-Manitoba-Grade-12-Courses.md,official_transcription,pending
Other Courses,0246,DRAMA 4A,40S,CMU-UG-2026-27-APP-A-0246,80-Appendices/Appendix-A-Manitoba-Grade-12-Courses.md,official_transcription,pending
Other Courses,0248,DRAMA 5A,40S,CMU-UG-2026-27-APP-A-0248,80-Appendices/Appendix-A-Manitoba-Grade-12-Courses.md,official_transcription,pending
Other Courses,0252,DRAMA 6A,40S,CMU-UG-2026-27-APP-A-0252,80-Appendices/Appendix-A-Manitoba-Grade-12-Courses.md,official_transcription,pending
Other Courses,0254,DRAMA 7A,40S,CMU-UG-2026-27-APP-A-0254,80-Appendices/Appendix-A-Manitoba-Grade-12-Courses.md,official_transcription,pending
Other Courses,0256,DRAMA 8A,40S,CMU-UG-2026-27-APP-A-0256,80-Appendices/Appendix-A-Manitoba-Grade-12-Courses.md,official_transcription,pending
Other Courses,0258,MUSIC 1A,40S,CMU-UG-2026-27-APP-A-0258,80-Appendices/Appendix-A-Manitoba-Grade-12-Courses.md,official_transcription,pending
Other Courses,0260,MUSIC 2A,40S,CMU-UG-2026-27-APP-A-0260,80-Appendices/Appendix-A-Manitoba-Grade-12-Courses.md,official_transcription,pending
Other Courses,0262,MUSIC 3A,40S,CMU-UG-2026-27-APP-A-0262,80-Appendices/Appendix-A-Manitoba-Grade-12-Courses.md,official_transcription,pending
Other Courses,0264,MUSIC 4A,40S,CMU-UG-2026-27-APP-A-0264,80-Appendices/Appendix-A-Manitoba-Grade-12-Courses.md,official_transcription,pending
Other Courses,0266,MUSIC 5A,40S,CMU-UG-2026-27-APP-A-0266,80-Appendices/Appendix-A-Manitoba-Grade-12-Courses.md,official_transcription,pending
Other Courses,0268,MUSIC 6A,40S,CMU-UG-2026-27-APP-A-0268,80-Appendices/Appendix-A-Manitoba-Grade-12-Courses.md,official_transcription,pending
Other Courses,0270,MUSIC 7A,40S,CMU-UG-2026-27-APP-A-0270,80-Appendices/Appendix-A-Manitoba-Grade-12-Courses.md,official_transcription,pending
Other Courses,0272,MUSIC 8A,40S,CMU-UG-2026-27-APP-A-0272,80-Appendices/Appendix-A-Manitoba-Grade-12-Courses.md,official_transcription,pending
Other Courses,0274,VISUAL ARTS 1A,40S,CMU-UG-2026-27-APP-A-0274,80-Appendices/Appendix-A-Manitoba-Grade-12-Courses.md,official_transcription,pending
Other Courses,0276,VISUAL ARTS 2A,40S,CMU-UG-2026-27-APP-A-0276,80-Appendices/Appendix-A-Manitoba-Grade-12-Courses.md,official_transcription,pending
Other Courses,0278,COMPUTER SCIENCE IB HL,42S,CMU-UG-2026-27-APP-A-0278,80-Appendices/Appendix-A-Manitoba-Grade-12-Courses.md,official_transcription,pending
Other Courses,0279,COMPUTER SCIENCE IB SL,42S,CMU-UG-2026-27-APP-A-0279,80-Appendices/Appendix-A-Manitoba-Grade-12-Courses.md,official_transcription,pending
Other Courses,0280,COMPUTER SCIENCE,40S,CMU-UG-2026-27-APP-A-0280,80-Appendices/Appendix-A-Manitoba-Grade-12-Courses.md,official_transcription,pending
Other Courses,0283,VISUAL ARTS 3A,40S,CMU-UG-2026-27-APP-A-0283,80-Appendices/Appendix-A-Manitoba-Grade-12-Courses.md,official_transcription,pending
Other Courses,0285,VISUAL ARTS 4A,40S,CMU-UG-2026-27-APP-A-0285,80-Appendices/Appendix-A-Manitoba-Grade-12-Courses.md,official_transcription,pending
Other Courses,0287,VISUAL ARTS 5A,40S,CMU-UG-2026-27-APP-A-0287,80-Appendices/Appendix-A-Manitoba-Grade-12-Courses.md,official_transcription,pending
Other Courses,0289,VISUAL ARTS 6A,40S,CMU-UG-2026-27-APP-A-0289,80-Appendices/Appendix-A-Manitoba-Grade-12-Courses.md,official_transcription,pending
Other Courses,0290,COMPUTER SCIENCE A - AP,42S,CMU-UG-2026-27-APP-A-0290,80-Appendices/Appendix-A-Manitoba-Grade-12-Courses.md,official_transcription,pending
Other Courses,0293,VISUAL ARTS 7A,40S,CMU-UG-2026-27-APP-A-0293,80-Appendices/Appendix-A-Manitoba-Grade-12-Courses.md,official_transcription,pending
Other Courses,0295,VISUAL ARTS 8A,40S,CMU-UG-2026-27-APP-A-0295,80-Appendices/Appendix-A-Manitoba-Grade-12-Courses.md,official_transcription,pending
Other Courses,0297,CHINESE LANGUAGE AND CULTURE AP,42S,CMU-UG-2026-27-APP-A-0297,80-Appendices/Appendix-A-Manitoba-Grade-12-Courses.md,official_transcription,pending
Other Courses,0298,PHYSICS 1 AP,42S,CMU-UG-2026-27-APP-A-0298,80-Appendices/Appendix-A-Manitoba-Grade-12-Courses.md,official_transcription,pending
Other Courses,0299,PHYSICS 2 AP,42S,CMU-UG-2026-27-APP-A-0299,80-Appendices/Appendix-A-Manitoba-Grade-12-Courses.md,official_transcription,pending
Other Courses,0300,EXERCISE SCIENCE,40S,CMU-UG-2026-27-APP-A-0300,80-Appendices/Appendix-A-Manitoba-Grade-12-Courses.md,official_transcription,pending
Other Courses,0302,SUSTAINABLE TOURISM,40S,CMU-UG-2026-27-APP-A-0302,80-Appendices/Appendix-A-Manitoba-Grade-12-Courses.md,official_transcription,pending
Other Courses,0306,ENVIRONMENTAL SYSTEMS & SOCIETIES IB SL,42S,CMU-UG-2026-27-APP-A-0306,80-Appendices/Appendix-A-Manitoba-Grade-12-Courses.md,official_transcription,pending
Other Courses,0307,MATH STUDIES IB SL,42S,CMU-UG-2026-27-APP-A-0307,80-Appendices/Appendix-A-Manitoba-Grade-12-Courses.md,official_transcription,pending
Other Courses,0308,MATH STUDIES IB HL,42S,CMU-UG-2026-27-APP-A-0308,80-Appendices/Appendix-A-Manitoba-Grade-12-Courses.md,official_transcription,pending
Other Courses,0310,ACCOUNTING SYSTEMS,40S,CMU-UG-2026-27-APP-A-0310,80-Appendices/Appendix-A-Manitoba-Grade-12-Courses.md,official_transcription,pending
Other Courses,0311,APPLIED BUSINESS TECHNOLOGIES,40S,CMU-UG-2026-27-APP-A-0311,80-Appendices/Appendix-A-Manitoba-Grade-12-Courses.md,official_transcription,pending
Other Courses,0316,BUSINESS MANAGEMENT,40S,CMU-UG-2026-27-APP-A-0316,80-Appendices/Appendix-A-Manitoba-Grade-12-Courses.md,official_transcription,pending
Other Courses,0318,ECONOMIC PRINCIPLES,40S,CMU-UG-2026-27-APP-A-0318,80-Appendices/Appendix-A-Manitoba-Grade-12-Courses.md,official_transcription,pending
Other Courses,0323,MARKETING AND DIGITAL COMMERCE,40S,CMU-UG-2026-27-APP-A-0323,80-Appendices/Appendix-A-Manitoba-Grade-12-Courses.md,official_transcription,pending
Other Courses,0326,TOPICS AND TRENDS IN BUSINESS,40S,CMU-UG-2026-27-APP-A-0326,80-Appendices/Appendix-A-Manitoba-Grade-12-Courses.md,official_transcription,pending
Other Courses,0328,COMPUTER SCIENCE PRINCIPLES AP,42S,CMU-UG-2026-27-APP-A-0328,80-Appendices/Appendix-A-Manitoba-Grade-12-Courses.md,official_transcription,pending
Other Courses,0335,ENGLISH: CAPSTONE SEMINAR AP,42S,CMU-UG-2026-27-APP-A-0335,80-Appendices/Appendix-A-Manitoba-Grade-12-Courses.md,official_transcription,pending
Other Courses,0336,ENGLISH: CAPSTONE RESEARCH AP,42S,CMU-UG-2026-27-APP-A-0336,80-Appendices/Appendix-A-Manitoba-Grade-12-Courses.md,official_transcription,pending
Other Courses,0350,ECONOMICS IB SL,42S,CMU-UG-2026-27-APP-A-0350,80-Appendices/Appendix-A-Manitoba-Grade-12-Courses.md,official_transcription,pending
Other Courses,0351,ECONOMICS IB HL,42S,CMU-UG-2026-27-APP-A-0351,80-Appendices/Appendix-A-Manitoba-Grade-12-Courses.md,official_transcription,pending
Other Courses,0356,PSYCHOLOGY AP,42S,CMU-UG-2026-27-APP-A-0356,80-Appendices/Appendix-A-Manitoba-Grade-12-Courses.md,official_transcription,pending
Other Courses,0357,STATISTICS AP,42S,CMU-UG-2026-27-APP-A-0357,80-Appendices/Appendix-A-Manitoba-Grade-12-Courses.md,official_transcription,pending
Other Courses,0358,MICRO-ECONOMICS AP,42S,CMU-UG-2026-27-APP-A-0358,80-Appendices/Appendix-A-Manitoba-Grade-12-Courses.md,official_transcription,pending
Other Courses,0359,MACRO-ECONOMICS AP,42S,CMU-UG-2026-27-APP-A-0359,80-Appendices/Appendix-A-Manitoba-Grade-12-Courses.md,official_transcription,pending
Other Courses,0373,INFO. TECH. IN A GLOBAL SOCIETY IB SL,42S,CMU-UG-2026-27-APP-A-0373,80-Appendices/Appendix-A-Manitoba-Grade-12-Courses.md,official_transcription,pending
Other Courses,0374,INFO. TECH. IN A GLOBAL SOCIETY IB HL,42S,CMU-UG-2026-27-APP-A-0374,80-Appendices/Appendix-A-Manitoba-Grade-12-Courses.md,official_transcription,pending
Other Courses,0375,JAPANESE AB INITIO IB,42S,CMU-UG-2026-27-APP-A-0375,80-Appendices/Appendix-A-Manitoba-Grade-12-Courses.md,official_transcription,pending
Other Courses,0376,THEATRE ARTS IB SL,42S,CMU-UG-2026-27-APP-A-0376,80-Appendices/Appendix-A-Manitoba-Grade-12-Courses.md,official_transcription,pending
Other Courses,0377,THEATRE ARTS IB HL,42S,CMU-UG-2026-27-APP-A-0377,80-Appendices/Appendix-A-Manitoba-Grade-12-Courses.md,official_transcription,pending
Other Courses,0378,SPANISH AB INITIO IB,42S,CMU-UG-2026-27-APP-A-0378,80-Appendices/Appendix-A-Manitoba-Grade-12-Courses.md,official_transcription,pending
Other Courses,0381,DEUTSCH,40S,CMU-UG-2026-27-APP-A-0381,80-Appendices/Appendix-A-Manitoba-Grade-12-Courses.md,official_transcription,pending
Other Courses,0383,AKTUELLE THEMEN DES 20 (GERMAN),40S,CMU-UG-2026-27-APP-A-0383,80-Appendices/Appendix-A-Manitoba-Grade-12-Courses.md,official_transcription,pending
Other Courses,0403,FRENCH: COMMUNICATION & CULTURE,40S,CMU-UG-2026-27-APP-A-0403,80-Appendices/Appendix-A-Manitoba-Grade-12-Courses.md,official_transcription,pending
Other Courses,0410,FRENCH LANGUAGE AP,42S,CMU-UG-2026-27-APP-A-0410,80-Appendices/Appendix-A-Manitoba-Grade-12-Courses.md,official_transcription,pending
Other Courses,0411,FRENCH LITERATURE AP,42S,CMU-UG-2026-27-APP-A-0411,80-Appendices/Appendix-A-Manitoba-Grade-12-Courses.md,official_transcription,pending
Other Courses,0412,FRENCH IB SL,42S,CMU-UG-2026-27-APP-A-0412,80-Appendices/Appendix-A-Manitoba-Grade-12-Courses.md,official_transcription,pending
Other Courses,0413,FRENCH IB HL,42S,CMU-UG-2026-27-APP-A-0413,80-Appendices/Appendix-A-Manitoba-Grade-12-Courses.md,official_transcription,pending
Other Courses,0414,FRENCH AB INITIO IB,42S,CMU-UG-2026-27-APP-A-0414,80-Appendices/Appendix-A-Manitoba-Grade-12-Courses.md,official_transcription,pending
Other Courses,0415,FRANCAIS IB HL,42S,CMU-UG-2026-27-APP-A-0415,80-Appendices/Appendix-A-Manitoba-Grade-12-Courses.md,official_transcription,pending
Other Courses,0416,FRANCAIS IB SL,42S,CMU-UG-2026-27-APP-A-0416,80-Appendices/Appendix-A-Manitoba-Grade-12-Courses.md,official_transcription,pending
Other Courses,0426,FL1: COMMUNICATION MÉDIATIQUE,40S,CMU-UG-2026-27-APP-A-0426,80-Appendices/Appendix-A-Manitoba-Grade-12-Courses.md,official_transcription,pending
Other Courses,0427,FL1: LITTÉRATURES FRANCOPHONES,40S,CMU-UG-2026-27-APP-A-0427,80-Appendices/Appendix-A-Manitoba-Grade-12-Courses.md,official_transcription,pending
Other Courses,0428,FL2-IMM.: COMMUNICATION MÉDIATIQUE,40S,CMU-UG-2026-27-APP-A-0428,80-Appendices/Appendix-A-Manitoba-Grade-12-Courses.md,official_transcription,pending
Other Courses,0429,FL2-IMM.: LITTÉRATURES FRANCOPHONES,40S,CMU-UG-2026-27-APP-A-0429,80-Appendices/Appendix-A-Manitoba-Grade-12-Courses.md,official_transcription,pending
Other Courses,0431,FL1: LANGUE ET COMMUNICATION,40S,CMU-UG-2026-27-APP-A-0431,80-Appendices/Appendix-A-Manitoba-Grade-12-Courses.md,official_transcription,pending
Other Courses,0432,FL2-IMM.: LANGUE ET COMMUNICATION,40S,CMU-UG-2026-27-APP-A-0432,80-Appendices/Appendix-A-Manitoba-Grade-12-Courses.md,official_transcription,pending
Other Courses,0480,HEBREW,40S,CMU-UG-2026-27-APP-A-0480,80-Appendices/Appendix-A-Manitoba-Grade-12-Courses.md,official_transcription,pending
Other Courses,0486,HUMAN ECOLOGY,40S,CMU-UG-2026-27-APP-A-0486,80-Appendices/Appendix-A-Manitoba-Grade-12-Courses.md,official_transcription,pending
Other Courses,0487,FAMILY STUDIES,40S,CMU-UG-2026-27-APP-A-0487,80-Appendices/Appendix-A-Manitoba-Grade-12-Courses.md,official_transcription,pending
Other Courses,0488,TEXTILE ARTS AND DESIGN,40S,CMU-UG-2026-27-APP-A-0488,80-Appendices/Appendix-A-Manitoba-Grade-12-Courses.md,official_transcription,pending
Other Courses,0489,FOOD AND NUTRITION,40S,CMU-UG-2026-27-APP-A-0489,80-Appendices/Appendix-A-Manitoba-Grade-12-Courses.md,official_transcription,pending
Other Courses,0490,ENVIRONMENTAL DESIGN,40S,CMU-UG-2026-27-APP-A-0490,80-Appendices/Appendix-A-Manitoba-Grade-12-Courses.md,official_transcription,pending
Other Courses,0491,APPLIED FAMILY STUDIES,40S,CMU-UG-2026-27-APP-A-0491,80-Appendices/Appendix-A-Manitoba-Grade-12-Courses.md,official_transcription,pending
Other Courses,0580,CANADIAN LAW,40S,CMU-UG-2026-27-APP-A-0580,80-Appendices/Appendix-A-Manitoba-Grade-12-Courses.md,official_transcription,pending
Other Courses,0606,WORLD OF RELIGIONS,40S,CMU-UG-2026-27-APP-A-0606,80-Appendices/Appendix-A-Manitoba-Grade-12-Courses.md,official_transcription,pending
Other Courses,0900,UKRAINIAN: 12 YEAR PROGRAMMING,40S,CMU-UG-2026-27-APP-A-0900,80-Appendices/Appendix-A-Manitoba-Grade-12-Courses.md,official_transcription,pending
Other Courses,0901,UKRAINIAN: 4 YEAR PROGRAMMING,40S,CMU-UG-2026-27-APP-A-0901,80-Appendices/Appendix-A-Manitoba-Grade-12-Courses.md,official_transcription,pending
Other Courses,0902,UKRAINIAN: 3 YEAR PROGRAMMING,40S,CMU-UG-2026-27-APP-A-0902,80-Appendices/Appendix-A-Manitoba-Grade-12-Courses.md,official_transcription,pending
Other Courses,1000,AMERICAN SIGN LANGUAGE & DEAF CULTURE,40S,CMU-UG-2026-27-APP-A-1000,80-Appendices/Appendix-A-Manitoba-Grade-12-Courses.md,official_transcription,pending
Other Courses,1001,FILIPINO: 4 YEAR PROGRAMMING,40S,CMU-UG-2026-27-APP-A-1001,80-Appendices/Appendix-A-Manitoba-Grade-12-Courses.md,official_transcription,pending
Other Courses,1002,GERMAN: 4 YEAR PROGRAMMING,40S,CMU-UG-2026-27-APP-A-1002,80-Appendices/Appendix-A-Manitoba-Grade-12-Courses.md,official_transcription,pending
Other Courses,1005,HEBREW: 4 YEAR PROGRAMMING,40S,CMU-UG-2026-27-APP-A-1005,80-Appendices/Appendix-A-Manitoba-Grade-12-Courses.md,official_transcription,pending
Other Courses,1007,ITALIAN: 4 YEAR PROGRAMMING,40S,CMU-UG-2026-27-APP-A-1007,80-Appendices/Appendix-A-Manitoba-Grade-12-Courses.md,official_transcription,pending
Other Courses,1008,POLISH: 4 YEAR PROGRAMMING,40S,CMU-UG-2026-27-APP-A-1008,80-Appendices/Appendix-A-Manitoba-Grade-12-Courses.md,official_transcription,pending
Other Courses,1009,PORTUGUESE: 4 YEAR PROGRAMMING,40S,CMU-UG-2026-27-APP-A-1009,80-Appendices/Appendix-A-Manitoba-Grade-12-Courses.md,official_transcription,pending
Other Courses,1010,PSYCHOLOGY,40S,CMU-UG-2026-27-APP-A-1010,80-Appendices/Appendix-A-Manitoba-Grade-12-Courses.md,official_transcription,pending
Other Courses,1011,AMERICAN SIGN LANGUAGE ARTS,40S,CMU-UG-2026-27-APP-A-1011,80-Appendices/Appendix-A-Manitoba-Grade-12-Courses.md,official_transcription,pending
Other Courses,1015,CHINESE (MANDARIN): 4 YEAR PROGRAMMING,40S,CMU-UG-2026-27-APP-A-1015,80-Appendices/Appendix-A-Manitoba-Grade-12-Courses.md,official_transcription,pending
Other Courses,1016,CHINESE (MANDARIN): 3 YEAR PROGRAMMING,40S,CMU-UG-2026-27-APP-A-1016,80-Appendices/Appendix-A-Manitoba-Grade-12-Courses.md,official_transcription,pending
Other Courses,1020,JAPANESE: 4 YEAR PROGRAMMING,40S,CMU-UG-2026-27-APP-A-1020,80-Appendices/Appendix-A-Manitoba-Grade-12-Courses.md,official_transcription,pending
Other Courses,1021,JAPANESE: 3 YEAR PROGRAMMING,40S,CMU-UG-2026-27-APP-A-1021,80-Appendices/Appendix-A-Manitoba-Grade-12-Courses.md,official_transcription,pending
Other Courses,1032,GERMAN,40S,CMU-UG-2026-27-APP-A-1032,80-Appendices/Appendix-A-Manitoba-Grade-12-Courses.md,official_transcription,pending
Other Courses,1033,GERMAN AP,42S,CMU-UG-2026-27-APP-A-1033,80-Appendices/Appendix-A-Manitoba-Grade-12-Courses.md,official_transcription,pending
Other Courses,1034,SPANISH AP,42S,CMU-UG-2026-27-APP-A-1034,80-Appendices/Appendix-A-Manitoba-Grade-12-Courses.md,official_transcription,pending
Other Courses,1045,ITALIAN,40S,CMU-UG-2026-27-APP-A-1045,80-Appendices/Appendix-A-Manitoba-Grade-12-Courses.md,official_transcription,pending
Other Courses,1054,LATIN,40S,CMU-UG-2026-27-APP-A-1054,80-Appendices/Appendix-A-Manitoba-Grade-12-Courses.md,official_transcription,pending
Other Courses,1069,PORTUGUESE,40S,CMU-UG-2026-27-APP-A-1069,80-Appendices/Appendix-A-Manitoba-Grade-12-Courses.md,official_transcription,pending
Other Courses,1070,FILIPINO,40S,CMU-UG-2026-27-APP-A-1070,80-Appendices/Appendix-A-Manitoba-Grade-12-Courses.md,official_transcription,pending
Other Courses,1071,POLISH,40S,CMU-UG-2026-27-APP-A-1071,80-Appendices/Appendix-A-Manitoba-Grade-12-Courses.md,official_transcription,pending
Other Courses,1080,SPANISH: 3 YEAR PROGRAMMING,40S,CMU-UG-2026-27-APP-A-1080,80-Appendices/Appendix-A-Manitoba-Grade-12-Courses.md,official_transcription,pending
Other Courses,1081,SPANISH: 4 YEAR PROGRAMMING,40S,CMU-UG-2026-27-APP-A-1081,80-Appendices/Appendix-A-Manitoba-Grade-12-Courses.md,official_transcription,pending
Other Courses,1082,SPANISH: 6 YEAR PROGRAMMING,40S,CMU-UG-2026-27-APP-A-1082,80-Appendices/Appendix-A-Manitoba-Grade-12-Courses.md,official_transcription,pending
Other Courses,1123,CINEMA AS A WITNESS TO MODERN HISTORY,40S,CMU-UG-2026-27-APP-A-1123,80-Appendices/Appendix-A-Manitoba-Grade-12-Courses.md,official_transcription,pending
Other Courses,1126,GEOGRAPHY: WORLD HUMAN,40S,CMU-UG-2026-27-APP-A-1126,80-Appendices/Appendix-A-Manitoba-Grade-12-Courses.md,official_transcription,pending
Other Courses,1128,GLOBAL ISSUES:CITIZENSHIP & SUSTNBLITY,40S,CMU-UG-2026-27-APP-A-1128,80-Appendices/Appendix-A-Manitoba-Grade-12-Courses.md,official_transcription,pending
Other Courses,1136,HISTORY: WESTERN CIVILIZATION,40S,CMU-UG-2026-27-APP-A-1136,80-Appendices/Appendix-A-Manitoba-Grade-12-Courses.md,official_transcription,pending
Other Courses,3000,ESSENTIAL MATHEMATICS,40S,CMU-UG-2026-27-APP-A-3000,80-Appendices/Appendix-A-Manitoba-Grade-12-Courses.md,official_transcription,pending
Other Courses,3901,CALCULUS (AB) AP,42S,CMU-UG-2026-27-APP-A-3901,80-Appendices/Appendix-A-Manitoba-Grade-12-Courses.md,official_transcription,pending
Other Courses,3902,CALCULUS (BC) AP,42S,CMU-UG-2026-27-APP-A-3902,80-Appendices/Appendix-A-Manitoba-Grade-12-Courses.md,official_transcription,pending
Other Courses,3903,APPLIED MATHEMATICS,40S,CMU-UG-2026-27-APP-A-3903,80-Appendices/Appendix-A-Manitoba-Grade-12-Courses.md,official_transcription,pending
Other Courses,3906,ENGLISH/CREE BILINGUAL PROGRAMMING,40S,CMU-UG-2026-27-APP-A-3906,80-Appendices/Appendix-A-Manitoba-Grade-12-Courses.md,official_transcription,pending
Other Courses,3908,INTRO. TO CALCULUS & ADVANCED MATH I,40S,CMU-UG-2026-27-APP-A-3908,80-Appendices/Appendix-A-Manitoba-Grade-12-Courses.md,official_transcription,pending
Other Courses,3909,ADVANCED MATHEMATICS (I & II),40S,CMU-UG-2026-27-APP-A-3909,80-Appendices/Appendix-A-Manitoba-Grade-12-Courses.md,official_transcription,pending
Other Courses,3920,ENGLISH/UKRAINIAN BILINGUAL PR,40S,CMU-UG-2026-27-APP-A-3920,80-Appendices/Appendix-A-Manitoba-Grade-12-Courses.md,official_transcription,pending
Other Courses,3921,ENGLISH/GERMAN BILINGUAL PROGR,40S,CMU-UG-2026-27-APP-A-3921,80-Appendices/Appendix-A-Manitoba-Grade-12-Courses.md,official_transcription,pending
Other Courses,3922,ENGLISH/HEBREW BILINGUAL PROGR,40S,CMU-UG-2026-27-APP-A-3922,80-Appendices/Appendix-A-Manitoba-Grade-12-Courses.md,official_transcription,pending
Other Courses,3939,PRE-CALCULUS MATHEMATICS,40S,CMU-UG-2026-27-APP-A-3939,80-Appendices/Appendix-A-Manitoba-Grade-12-Courses.md,official_transcription,pending
Other Courses,3957,MUSIC IB SL,42S,CMU-UG-2026-27-APP-A-3957,80-Appendices/Appendix-A-Manitoba-Grade-12-Courses.md,official_transcription,pending
Other Courses,3959,MUSIC (1) AP,42S,CMU-UG-2026-27-APP-A-3959,80-Appendices/Appendix-A-Manitoba-Grade-12-Courses.md,official_transcription,pending
Other Courses,3960,MUSIC IB HL,42S,CMU-UG-2026-27-APP-A-3960,80-Appendices/Appendix-A-Manitoba-Grade-12-Courses.md,official_transcription,pending
