calendar_year,policy_area,subsection_title,heading_level,section_id,source_file,authority_status,validation_status
2026-27,Registration,Registration Process,3,CMU-UG-2026-27-POL-REG-REGISTRATION-PROCESS,50-Academic-Policies/Registration.md,official_transcription,pending
2026-27,Registration,Academic Advising,3,CMU-UG-2026-27-POL-REG-ACADEMIC-ADVISING,50-Academic-Policies/Registration.md,official_transcription,pending
2026-27,Registration,Full-time or Part-time Status,3,CMU-UG-2026-27-POL-REG-FULL-TIME-OR-PART-TIME-STATUS,50-Academic-Policies/Registration.md,official_transcription,pending
2026-27,Registration,Academic Load,3,CMU-UG-2026-27-POL-REG-ACADEMIC-LOAD,50-Academic-Policies/Registration.md,official_transcription,pending
2026-27,Registration,Registration Requirements for the First Year,3,CMU-UG-2026-27-POL-REG-REGISTRATION-REQUIREMENTS-FOR-THE-FIRST-YEAR,50-Academic-Policies/Registration.md,official_transcription,pending
2026-27,Registration,Declaring or Applying to a Degree Program,3,CMU-UG-2026-27-POL-REG-DECLARING-OR-APPLYING-TO-A-DEGREE-PROGRAM,50-Academic-Policies/Registration.md,official_transcription,pending
2026-27,Registration,Course Changes,3,CMU-UG-2026-27-POL-REG-COURSE-CHANGES,50-Academic-Policies/Registration.md,official_transcription,pending
2026-27,Registration,Voluntary Withdrawal,3,CMU-UG-2026-27-POL-REG-VOLUNTARY-WITHDRAWAL,50-Academic-Policies/Registration.md,official_transcription,pending
2026-27,Registration,Repeating a Course,3,CMU-UG-2026-27-POL-REG-REPEATING-A-COURSE,50-Academic-Policies/Registration.md,official_transcription,pending
2026-27,Registration,Payment of Fees,3,CMU-UG-2026-27-POL-REG-PAYMENT-OF-FEES,50-Academic-Policies/Registration.md,official_transcription,pending
2026-27,Transfer,From Post-Secondary Institutions,3,CMU-UG-2026-27-POL-TRANSFER-FROM-POST-SECONDARY-INSTITUTIONS,50-Academic-Policies/Transfer-Credit-and-Recognition.md,official_transcription,pending
2026-27,Transfer,Advanced Placement or International Baccalaureate,3,CMU-UG-2026-27-POL-TRANSFER-ADVANCED-PLACEMENT-OR-INTERNATIONAL-BACCALAUREATE,50-Academic-Policies/Transfer-Credit-and-Recognition.md,official_transcription,pending
2026-27,Transfer,Recognition for Experience-Based Learning for Exemption from the Work-Integrated Learning Requirement,3,CMU-UG-2026-27-POL-TRANSFER-RECOGNITION-FOR-EXPERIENCE-BASED-LEARNING-FOR-EXEMPTION-FROM-THE-WORK-,50-Academic-Policies/Transfer-Credit-and-Recognition.md,official_transcription,pending
2026-27,Transfer,Prior Learning Assessment and Recognition,3,CMU-UG-2026-27-POL-TRANSFER-PRIOR-LEARNING-ASSESSMENT-AND-RECOGNITION,50-Academic-Policies/Transfer-Credit-and-Recognition.md,official_transcription,pending
2026-27,Courses and Their Requirements,"Course Syllabi, Requirements, and Grading",3,CMU-UG-2026-27-POL-COURSES-COURSE-SYLLABI-REQUIREMENTS-AND-GRADING,50-Academic-Policies/Courses-and-Requirements.md,official_transcription,pending
2026-27,Courses and Their Requirements,Extensions and Incompletes,3,CMU-UG-2026-27-POL-COURSES-EXTENSIONS-AND-INCOMPLETES,50-Academic-Policies/Courses-and-Requirements.md,official_transcription,pending
2026-27,Courses and Their Requirements,Submission of Assignments,3,CMU-UG-2026-27-POL-COURSES-SUBMISSION-OF-ASSIGNMENTS,50-Academic-Policies/Courses-and-Requirements.md,official_transcription,pending
2026-27,Courses and Their Requirements,Multiple Submissions of the Same Work,3,CMU-UG-2026-27-POL-COURSES-MULTIPLE-SUBMISSIONS-OF-THE-SAME-WORK,50-Academic-Policies/Courses-and-Requirements.md,official_transcription,pending
2026-27,Courses and Their Requirements,Attendance in Classes,3,CMU-UG-2026-27-POL-COURSES-ATTENDANCE-IN-CLASSES,50-Academic-Policies/Courses-and-Requirements.md,official_transcription,pending
2026-27,Courses and Their Requirements,Debarment,5,CMU-UG-2026-27-POL-COURSES-DEBARMENT,50-Academic-Policies/Courses-and-Requirements.md,official_transcription,pending
2026-27,Courses and Their Requirements,Attendance in Individual Music Lessons (IML),3,CMU-UG-2026-27-POL-COURSES-ATTENDANCE-IN-INDIVIDUAL-MUSIC-LESSONS-IML,50-Academic-Policies/Courses-and-Requirements.md,official_transcription,pending
2026-27,Courses and Their Requirements,Examinations and Term Tests,3,CMU-UG-2026-27-POL-COURSES-EXAMINATIONS-AND-TERM-TESTS,50-Academic-Policies/Courses-and-Requirements.md,official_transcription,pending
2026-27,Courses and Their Requirements,Examination Rescheduling,3,CMU-UG-2026-27-POL-COURSES-EXAMINATION-RESCHEDULING,50-Academic-Policies/Courses-and-Requirements.md,official_transcription,pending
2026-27,Courses and Their Requirements,Attendance at Term Tests and Final Examinations,3,CMU-UG-2026-27-POL-COURSES-ATTENDANCE-AT-TERM-TESTS-AND-FINAL-EXAMINATIONS,50-Academic-Policies/Courses-and-Requirements.md,official_transcription,pending
2026-27,Courses and Their Requirements,Thesis Writing Procedures,3,CMU-UG-2026-27-POL-COURSES-THESIS-WRITING-PROCEDURES,50-Academic-Policies/Courses-and-Requirements.md,official_transcription,pending
2026-27,Courses and Their Requirements,Eligibility Requirements,4,CMU-UG-2026-27-POL-COURSES-ELIGIBILITY-REQUIREMENTS,50-Academic-Policies/Courses-and-Requirements.md,official_transcription,pending
2026-27,Courses and Their Requirements,Proposal,4,CMU-UG-2026-27-POL-COURSES-PROPOSAL,50-Academic-Policies/Courses-and-Requirements.md,official_transcription,pending
2026-27,Courses and Their Requirements,Thesis Writing,4,CMU-UG-2026-27-POL-COURSES-THESIS-WRITING,50-Academic-Policies/Courses-and-Requirements.md,official_transcription,pending
2026-27,Courses and Their Requirements,The Presentation and Concluding Process,4,CMU-UG-2026-27-POL-COURSES-THE-PRESENTATION-AND-CONCLUDING-PROCESS,50-Academic-Policies/Courses-and-Requirements.md,official_transcription,pending
2026-27,Grades and Grading,Grades,3,CMU-UG-2026-27-POL-GRADES-GRADES,50-Academic-Policies/Grades-and-Grading.md,official_transcription,pending
2026-27,Grades and Grading,Grade Points and Scale,3,CMU-UG-2026-27-POL-GRADES-GRADE-POINTS-AND-SCALE,50-Academic-Policies/Grades-and-Grading.md,official_transcription,pending
2026-27,Grades and Grading,Grade Point Averages,3,CMU-UG-2026-27-POL-GRADES-GRADE-POINT-AVERAGES,50-Academic-Policies/Grades-and-Grading.md,official_transcription,pending
2026-27,Grades and Grading,Grade Vetting,3,CMU-UG-2026-27-POL-GRADES-GRADE-VETTING,50-Academic-Policies/Grades-and-Grading.md,official_transcription,pending
2026-27,Grades and Grading,Transcripts,3,CMU-UG-2026-27-POL-GRADES-TRANSCRIPTS,50-Academic-Policies/Grades-and-Grading.md,official_transcription,pending
2026-27,Academic Performance,Academic Standing,3,CMU-UG-2026-27-POL-PERFORMANCE-ACADEMIC-STANDING,50-Academic-Policies/Academic-Performance.md,official_transcription,pending
2026-27,Academic Performance,Dean’s Honour Roll,3,CMU-UG-2026-27-POL-PERFORMANCE-DEAN-S-HONOUR-ROLL,50-Academic-Policies/Academic-Performance.md,official_transcription,pending
2026-27,Academic Performance,"The President’s Medal–for Scholarship, Leadership, and Service",3,CMU-UG-2026-27-POL-PERFORMANCE-THE-PRESIDENT-S-MEDAL-FOR-SCHOLARSHIP-LEADERSHIP-AND-SERVICE,50-Academic-Policies/Academic-Performance.md,official_transcription,pending
2026-27,Experiential Learning,Confidentiality and Information Sharing Policy,3,CMU-UG-2026-27-POL-EXPERIENTIAL-CONFIDENTIALITY-AND-INFORMATION-SHARING-POLICY,50-Academic-Policies/Experiential-Learning.md,official_transcription,pending
2026-27,Academic Integrity,Purpose,4,CMU-UG-2026-27-POL-INTEGRITY-PURPOSE,50-Academic-Policies/Academic-Integrity.md,official_transcription,pending
2026-27,Academic Integrity,Foundations,4,CMU-UG-2026-27-POL-INTEGRITY-FOUNDATIONS,50-Academic-Policies/Academic-Integrity.md,official_transcription,pending
2026-27,Academic Integrity,Types of Academic Misconduct,4,CMU-UG-2026-27-POL-INTEGRITY-TYPES-OF-ACADEMIC-MISCONDUCT,50-Academic-Policies/Academic-Integrity.md,official_transcription,pending
2026-27,Academic Integrity,Basic Components of Academic Misconduct Cases,4,CMU-UG-2026-27-POL-INTEGRITY-BASIC-COMPONENTS-OF-ACADEMIC-MISCONDUCT-CASES,50-Academic-Policies/Academic-Integrity.md,official_transcription,pending
2026-27,Academic Integrity,Major Cases,4,CMU-UG-2026-27-POL-INTEGRITY-MAJOR-CASES,50-Academic-Policies/Academic-Integrity.md,official_transcription,pending
2026-27,Academic Integrity,Procedure I: Assessments,4,CMU-UG-2026-27-POL-INTEGRITY-PROCEDURE-I-ASSESSMENTS,50-Academic-Policies/Academic-Integrity.md,official_transcription,pending
2026-27,Academic Integrity,Instructor Assessment,5,CMU-UG-2026-27-POL-INTEGRITY-INSTRUCTOR-ASSESSMENT,50-Academic-Policies/Academic-Integrity.md,official_transcription,pending
2026-27,Academic Integrity,ASIC Subcommittee Assessment,5,CMU-UG-2026-27-POL-INTEGRITY-ASIC-SUBCOMMITTEE-ASSESSMENT,50-Academic-Policies/Academic-Integrity.md,official_transcription,pending
2026-27,Academic Integrity,Consequences,4,CMU-UG-2026-27-POL-INTEGRITY-CONSEQUENCES,50-Academic-Policies/Academic-Integrity.md,official_transcription,pending
2026-27,Academic Integrity,Consequences in Cases Assessed by Instructors,5,CMU-UG-2026-27-POL-INTEGRITY-CONSEQUENCES-IN-CASES-ASSESSED-BY-INSTRUCTORS,50-Academic-Policies/Academic-Integrity.md,official_transcription,pending
2026-27,Academic Integrity,Consequences in Major Cases Handled by ASIC Subcommittee,5,CMU-UG-2026-27-POL-INTEGRITY-CONSEQUENCES-IN-MAJOR-CASES-HANDLED-BY-ASIC-SUBCOMMITTEE,50-Academic-Policies/Academic-Integrity.md,official_transcription,pending
2026-27,Academic Integrity,Procedure II: Academic Suspension and Appeals to the VPA,4,CMU-UG-2026-27-POL-INTEGRITY-PROCEDURE-II-ACADEMIC-SUSPENSION-AND-APPEALS-TO-THE-VPA,50-Academic-Policies/Academic-Integrity.md,official_transcription,pending
2026-27,Academic Integrity,Academic Suspension,5,CMU-UG-2026-27-POL-INTEGRITY-ACADEMIC-SUSPENSION,50-Academic-Policies/Academic-Integrity.md,official_transcription,pending
2026-27,Academic Integrity,Appeals to the VPA,5,CMU-UG-2026-27-POL-INTEGRITY-APPEALS-TO-THE-VPA,50-Academic-Policies/Academic-Integrity.md,official_transcription,pending
2026-27,Appeals,Various Academic Matters,3,CMU-UG-2026-27-POL-APPEALS-VARIOUS-ACADEMIC-MATTERS,50-Academic-Policies/Appeals.md,official_transcription,pending
2026-27,Appeals,Grades,3,CMU-UG-2026-27-POL-APPEALS-GRADES,50-Academic-Policies/Appeals.md,official_transcription,pending
2026-27,Appeals,Authorized Withdrawal,3,CMU-UG-2026-27-POL-APPEALS-AUTHORIZED-WITHDRAWAL,50-Academic-Policies/Appeals.md,official_transcription,pending
2026-27,Appeals,Authorized Leave Policy,3,CMU-UG-2026-27-POL-APPEALS-AUTHORIZED-LEAVE-POLICY,50-Academic-Policies/Appeals.md,official_transcription,pending
2026-27,Appeals,Forfeiture of Credit Previously Earned,3,CMU-UG-2026-27-POL-APPEALS-FORFEITURE-OF-CREDIT-PREVIOUSLY-EARNED,50-Academic-Policies/Appeals.md,official_transcription,pending
2026-27,Graduation,Convocation,3,CMU-UG-2026-27-POL-GRADUATION-CONVOCATION,50-Academic-Policies/Graduation.md,official_transcription,pending
2026-27,Graduation,Completing a Second Major,3,CMU-UG-2026-27-POL-GRADUATION-COMPLETING-A-SECOND-MAJOR,50-Academic-Policies/Graduation.md,official_transcription,pending
2026-27,Graduation,Completing a Second Baccalaureate Degree,3,CMU-UG-2026-27-POL-GRADUATION-COMPLETING-A-SECOND-BACCALAUREATE-DEGREE,50-Academic-Policies/Graduation.md,official_transcription,pending
2026-27,Graduation,Adding a Credential to a Degree already Earned,3,CMU-UG-2026-27-POL-GRADUATION-ADDING-A-CREDENTIAL-TO-A-DEGREE-ALREADY-EARNED,50-Academic-Policies/Graduation.md,official_transcription,pending
2026-27,Graduation,Revision or Discontinuance of an Academic Program,3,CMU-UG-2026-27-POL-GRADUATION-REVISION-OR-DISCONTINUANCE-OF-AN-ACADEMIC-PROGRAM,50-Academic-Policies/Graduation.md,official_transcription,pending
2026-27,Bachelor of Education Policies,Bachelor of Education: Academic Load Policy,3,CMU-UG-2026-27-POL-BED-BACHELOR-OF-EDUCATION-ACADEMIC-LOAD-POLICY,50-Academic-Policies/Degree-Specific-Policies/Bachelor-of-Education-Policies.md,official_transcription,pending
2026-27,Bachelor of Education Policies,Bachelor of Education: Academic Standing Policy,3,CMU-UG-2026-27-POL-BED-BACHELOR-OF-EDUCATION-ACADEMIC-STANDING-POLICY,50-Academic-Policies/Degree-Specific-Policies/Bachelor-of-Education-Policies.md,official_transcription,pending
2026-27,Bachelor of Education Policies,Purpose and Scope,4,CMU-UG-2026-27-POL-BED-PURPOSE-AND-SCOPE,50-Academic-Policies/Degree-Specific-Policies/Bachelor-of-Education-Policies.md,official_transcription,pending
2026-27,Bachelor of Education Policies,Definitions,4,CMU-UG-2026-27-POL-BED-DEFINITIONS,50-Academic-Policies/Degree-Specific-Policies/Bachelor-of-Education-Policies.md,official_transcription,pending
2026-27,Bachelor of Education Policies,Guidelines,4,CMU-UG-2026-27-POL-BED-GUIDELINES,50-Academic-Policies/Degree-Specific-Policies/Bachelor-of-Education-Policies.md,official_transcription,pending
2026-27,Bachelor of Education Policies,Reinstatement After Dismissal,4,CMU-UG-2026-27-POL-BED-REINSTATEMENT-AFTER-DISMISSAL,50-Academic-Policies/Degree-Specific-Policies/Bachelor-of-Education-Policies.md,official_transcription,pending
2026-27,Bachelor of Education Policies,Reinstatement after Dismissal from Education,5,CMU-UG-2026-27-POL-BED-REINSTATEMENT-AFTER-DISMISSAL-FROM-EDUCATION,50-Academic-Policies/Degree-Specific-Policies/Bachelor-of-Education-Policies.md,official_transcription,pending
2026-27,Bachelor of Education Policies,Reinstatement after Dismissal from Education and CMU,5,CMU-UG-2026-27-POL-BED-REINSTATEMENT-AFTER-DISMISSAL-FROM-EDUCATION-AND-CMU,50-Academic-Policies/Degree-Specific-Policies/Bachelor-of-Education-Policies.md,official_transcription,pending
2026-27,Bachelor of Education Policies,Appeals,4,CMU-UG-2026-27-POL-BED-APPEALS,50-Academic-Policies/Degree-Specific-Policies/Bachelor-of-Education-Policies.md,official_transcription,pending
2026-27,Bachelor of Education Policies,Bachelor of Education: Admissions Requirements and Procedures Policy,3,CMU-UG-2026-27-POL-BED-BACHELOR-OF-EDUCATION-ADMISSIONS-REQUIREMENTS-AND-PROCEDURES-POLICY,50-Academic-Policies/Degree-Specific-Policies/Bachelor-of-Education-Policies.md,official_transcription,pending
2026-27,Bachelor of Education Policies,Purpose and Scope,4,CMU-UG-2026-27-POL-BED-PURPOSE-AND-SCOPE,50-Academic-Policies/Degree-Specific-Policies/Bachelor-of-Education-Policies.md,official_transcription,pending
2026-27,Bachelor of Education Policies,Definitions,4,CMU-UG-2026-27-POL-BED-DEFINITIONS,50-Academic-Policies/Degree-Specific-Policies/Bachelor-of-Education-Policies.md,official_transcription,pending
2026-27,Bachelor of Education Policies,Principles,4,CMU-UG-2026-27-POL-BED-PRINCIPLES,50-Academic-Policies/Degree-Specific-Policies/Bachelor-of-Education-Policies.md,official_transcription,pending
2026-27,Bachelor of Education Policies,Guidelines,4,CMU-UG-2026-27-POL-BED-GUIDELINES,50-Academic-Policies/Degree-Specific-Policies/Bachelor-of-Education-Policies.md,official_transcription,pending
2026-27,Bachelor of Education Policies,Admission Requirements,4,CMU-UG-2026-27-POL-BED-ADMISSION-REQUIREMENTS,50-Academic-Policies/Degree-Specific-Policies/Bachelor-of-Education-Policies.md,official_transcription,pending
2026-27,Bachelor of Education Policies,Teachable Requirements,4,CMU-UG-2026-27-POL-BED-TEACHABLE-REQUIREMENTS,50-Academic-Policies/Degree-Specific-Policies/Bachelor-of-Education-Policies.md,official_transcription,pending
2026-27,Bachelor of Education Policies,Equity in Admissions to Education,4,CMU-UG-2026-27-POL-BED-EQUITY-IN-ADMISSIONS-TO-EDUCATION,50-Academic-Policies/Degree-Specific-Policies/Bachelor-of-Education-Policies.md,official_transcription,pending
2026-27,Bachelor of Education Policies,Admission Procedures,4,CMU-UG-2026-27-POL-BED-ADMISSION-PROCEDURES,50-Academic-Policies/Degree-Specific-Policies/Bachelor-of-Education-Policies.md,official_transcription,pending
2026-27,Bachelor of Education Policies,Application Review,5,CMU-UG-2026-27-POL-BED-APPLICATION-REVIEW,50-Academic-Policies/Degree-Specific-Policies/Bachelor-of-Education-Policies.md,official_transcription,pending
2026-27,Bachelor of Education Policies,Interview,5,CMU-UG-2026-27-POL-BED-INTERVIEW,50-Academic-Policies/Degree-Specific-Policies/Bachelor-of-Education-Policies.md,official_transcription,pending
2026-27,Bachelor of Education Policies,Admission Decision,5,CMU-UG-2026-27-POL-BED-ADMISSION-DECISION,50-Academic-Policies/Degree-Specific-Policies/Bachelor-of-Education-Policies.md,official_transcription,pending
2026-27,Bachelor of Education Policies,Admittance,4,CMU-UG-2026-27-POL-BED-ADMITTANCE,50-Academic-Policies/Degree-Specific-Policies/Bachelor-of-Education-Policies.md,official_transcription,pending
2026-27,Bachelor of Education Policies,Bachelor of Education: Degree Completion Policy,3,CMU-UG-2026-27-POL-BED-BACHELOR-OF-EDUCATION-DEGREE-COMPLETION-POLICY,50-Academic-Policies/Degree-Specific-Policies/Bachelor-of-Education-Policies.md,official_transcription,pending
2026-27,Bachelor of Education Policies,Guidelines,4,CMU-UG-2026-27-POL-BED-GUIDELINES,50-Academic-Policies/Degree-Specific-Policies/Bachelor-of-Education-Policies.md,official_transcription,pending
2026-27,Bachelor of Education Policies,Procedures,4,CMU-UG-2026-27-POL-BED-PROCEDURES,50-Academic-Policies/Degree-Specific-Policies/Bachelor-of-Education-Policies.md,official_transcription,pending
2026-27,Bachelor of Education Policies,Bachelor of Education: Professional Readiness and Suitability Policy,3,CMU-UG-2026-27-POL-BED-BACHELOR-OF-EDUCATION-PROFESSIONAL-READINESS-AND-SUITABILITY-POLICY,50-Academic-Policies/Degree-Specific-Policies/Bachelor-of-Education-Policies.md,official_transcription,pending
2026-27,Bachelor of Education Policies,Purpose and Scope,4,CMU-UG-2026-27-POL-BED-PURPOSE-AND-SCOPE,50-Academic-Policies/Degree-Specific-Policies/Bachelor-of-Education-Policies.md,official_transcription,pending
2026-27,Bachelor of Education Policies,Definitions,4,CMU-UG-2026-27-POL-BED-DEFINITIONS,50-Academic-Policies/Degree-Specific-Policies/Bachelor-of-Education-Policies.md,official_transcription,pending
2026-27,Bachelor of Education Policies,Guidelines,4,CMU-UG-2026-27-POL-BED-GUIDELINES,50-Academic-Policies/Degree-Specific-Policies/Bachelor-of-Education-Policies.md,official_transcription,pending
2026-27,Bachelor of Education Policies,Limits of Confidentiality,4,CMU-UG-2026-27-POL-BED-LIMITS-OF-CONFIDENTIALITY,50-Academic-Policies/Degree-Specific-Policies/Bachelor-of-Education-Policies.md,official_transcription,pending
2026-27,Bachelor of Education Policies,Basic Components of Professional Suitability Cases,4,CMU-UG-2026-27-POL-BED-BASIC-COMPONENTS-OF-PROFESSIONAL-SUITABILITY-CASES,50-Academic-Policies/Degree-Specific-Policies/Bachelor-of-Education-Policies.md,official_transcription,pending
2026-27,Bachelor of Education Policies,Procedure I: Assessments,4,CMU-UG-2026-27-POL-BED-PROCEDURE-I-ASSESSMENTS,50-Academic-Policies/Degree-Specific-Policies/Bachelor-of-Education-Policies.md,official_transcription,pending
2026-27,Bachelor of Education Policies,Stage One: Instructor/Teacher Mentor Assessment and Meeting with the Teacher Candidate,5,CMU-UG-2026-27-POL-BED-STAGE-ONE-INSTRUCTOR-TEACHER-MENTOR-ASSESSMENT-AND-MEETING-WITH-THE-TE,50-Academic-Policies/Degree-Specific-Policies/Bachelor-of-Education-Policies.md,official_transcription,pending
2026-27,Bachelor of Education Policies,Stage 2: Mediation,5,CMU-UG-2026-27-POL-BED-STAGE-2-MEDIATION,50-Academic-Policies/Degree-Specific-Policies/Bachelor-of-Education-Policies.md,official_transcription,pending
2026-27,Bachelor of Education Policies,Stage Three: Major Concerns,5,CMU-UG-2026-27-POL-BED-STAGE-THREE-MAJOR-CONCERNS,50-Academic-Policies/Degree-Specific-Policies/Bachelor-of-Education-Policies.md,official_transcription,pending
2026-27,Bachelor of Education Policies,Consequences,4,CMU-UG-2026-27-POL-BED-CONSEQUENCES,50-Academic-Policies/Degree-Specific-Policies/Bachelor-of-Education-Policies.md,official_transcription,pending
2026-27,Bachelor of Education Policies,Dismissal from the Education Program,4,CMU-UG-2026-27-POL-BED-DISMISSAL-FROM-THE-EDUCATION-PROGRAM,50-Academic-Policies/Degree-Specific-Policies/Bachelor-of-Education-Policies.md,official_transcription,pending
2026-27,Bachelor of Education Policies,Appeals,4,CMU-UG-2026-27-POL-BED-APPEALS,50-Academic-Policies/Degree-Specific-Policies/Bachelor-of-Education-Policies.md,official_transcription,pending
2026-27,Bachelor of Music Therapy Policies,Bachelor of Music Therapy: Academic Standing Policy,3,CMU-UG-2026-27-POL-BMT-BACHELOR-OF-MUSIC-THERAPY-ACADEMIC-STANDING-POLICY,50-Academic-Policies/Degree-Specific-Policies/Bachelor-of-Music-Therapy-Policies.md,official_transcription,pending
2026-27,Bachelor of Music Therapy Policies,Purpose and Scope,4,CMU-UG-2026-27-POL-BMT-PURPOSE-AND-SCOPE,50-Academic-Policies/Degree-Specific-Policies/Bachelor-of-Music-Therapy-Policies.md,official_transcription,pending
2026-27,Bachelor of Music Therapy Policies,Definitions,4,CMU-UG-2026-27-POL-BMT-DEFINITIONS,50-Academic-Policies/Degree-Specific-Policies/Bachelor-of-Music-Therapy-Policies.md,official_transcription,pending
2026-27,Bachelor of Music Therapy Policies,Guidelines,4,CMU-UG-2026-27-POL-BMT-GUIDELINES,50-Academic-Policies/Degree-Specific-Policies/Bachelor-of-Music-Therapy-Policies.md,official_transcription,pending
2026-27,Bachelor of Music Therapy Policies,Reinstatement After Dismissal,4,CMU-UG-2026-27-POL-BMT-REINSTATEMENT-AFTER-DISMISSAL,50-Academic-Policies/Degree-Specific-Policies/Bachelor-of-Music-Therapy-Policies.md,official_transcription,pending
2026-27,Bachelor of Music Therapy Policies,Reinstatement after Dismissal from Music Therapy,5,CMU-UG-2026-27-POL-BMT-REINSTATEMENT-AFTER-DISMISSAL-FROM-MUSIC-THERAPY,50-Academic-Policies/Degree-Specific-Policies/Bachelor-of-Music-Therapy-Policies.md,official_transcription,pending
2026-27,Bachelor of Music Therapy Policies,Reinstatement after Dismissal from Music Therapy and CMU,5,CMU-UG-2026-27-POL-BMT-REINSTATEMENT-AFTER-DISMISSAL-FROM-MUSIC-THERAPY-AND-CMU,50-Academic-Policies/Degree-Specific-Policies/Bachelor-of-Music-Therapy-Policies.md,official_transcription,pending
2026-27,Bachelor of Music Therapy Policies,Appeals,4,CMU-UG-2026-27-POL-BMT-APPEALS,50-Academic-Policies/Degree-Specific-Policies/Bachelor-of-Music-Therapy-Policies.md,official_transcription,pending
2026-27,Bachelor of Music Therapy Policies,Bachelor of Music Therapy: Admissions Requirements and Procedures Policy,3,CMU-UG-2026-27-POL-BMT-BACHELOR-OF-MUSIC-THERAPY-ADMISSIONS-REQUIREMENTS-AND-PROCEDURES-POLIC,50-Academic-Policies/Degree-Specific-Policies/Bachelor-of-Music-Therapy-Policies.md,official_transcription,pending
2026-27,Bachelor of Music Therapy Policies,Purpose and Scope,4,CMU-UG-2026-27-POL-BMT-PURPOSE-AND-SCOPE,50-Academic-Policies/Degree-Specific-Policies/Bachelor-of-Music-Therapy-Policies.md,official_transcription,pending
2026-27,Bachelor of Music Therapy Policies,Definitions,4,CMU-UG-2026-27-POL-BMT-DEFINITIONS,50-Academic-Policies/Degree-Specific-Policies/Bachelor-of-Music-Therapy-Policies.md,official_transcription,pending
2026-27,Bachelor of Music Therapy Policies,Principles,4,CMU-UG-2026-27-POL-BMT-PRINCIPLES,50-Academic-Policies/Degree-Specific-Policies/Bachelor-of-Music-Therapy-Policies.md,official_transcription,pending
2026-27,Bachelor of Music Therapy Policies,Guidelines,4,CMU-UG-2026-27-POL-BMT-GUIDELINES,50-Academic-Policies/Degree-Specific-Policies/Bachelor-of-Music-Therapy-Policies.md,official_transcription,pending
2026-27,Bachelor of Music Therapy Policies,"Admission Requirements Bachelor of Music Therapy, Four-year",4,CMU-UG-2026-27-POL-BMT-ADMISSION-REQUIREMENTS-BACHELOR-OF-MUSIC-THERAPY-FOUR-YEAR,50-Academic-Policies/Degree-Specific-Policies/Bachelor-of-Music-Therapy-Policies.md,official_transcription,pending
2026-27,Bachelor of Music Therapy Policies,"Admission Requirements Bachelor of Music Therapy, Two-year After-degree",4,CMU-UG-2026-27-POL-BMT-ADMISSION-REQUIREMENTS-BACHELOR-OF-MUSIC-THERAPY-TWO-YEAR-AFTER-DEGREE,50-Academic-Policies/Degree-Specific-Policies/Bachelor-of-Music-Therapy-Policies.md,official_transcription,pending
2026-27,Bachelor of Music Therapy Policies,Equity in Admissions to Music Therapy,4,CMU-UG-2026-27-POL-BMT-EQUITY-IN-ADMISSIONS-TO-MUSIC-THERAPY,50-Academic-Policies/Degree-Specific-Policies/Bachelor-of-Music-Therapy-Policies.md,official_transcription,pending
2026-27,Bachelor of Music Therapy Policies,Admission Procedures,4,CMU-UG-2026-27-POL-BMT-ADMISSION-PROCEDURES,50-Academic-Policies/Degree-Specific-Policies/Bachelor-of-Music-Therapy-Policies.md,official_transcription,pending
2026-27,Bachelor of Music Therapy Policies,Application Review,5,CMU-UG-2026-27-POL-BMT-APPLICATION-REVIEW,50-Academic-Policies/Degree-Specific-Policies/Bachelor-of-Music-Therapy-Policies.md,official_transcription,pending
2026-27,Bachelor of Music Therapy Policies,Interview and Audition,5,CMU-UG-2026-27-POL-BMT-INTERVIEW-AND-AUDITION,50-Academic-Policies/Degree-Specific-Policies/Bachelor-of-Music-Therapy-Policies.md,official_transcription,pending
2026-27,Bachelor of Music Therapy Policies,Admission Decision,5,CMU-UG-2026-27-POL-BMT-ADMISSION-DECISION,50-Academic-Policies/Degree-Specific-Policies/Bachelor-of-Music-Therapy-Policies.md,official_transcription,pending
2026-27,Bachelor of Music Therapy Policies,Admittance,4,CMU-UG-2026-27-POL-BMT-ADMITTANCE,50-Academic-Policies/Degree-Specific-Policies/Bachelor-of-Music-Therapy-Policies.md,official_transcription,pending
2026-27,Bachelor of Music Therapy Policies,Bachelor of Music Therapy: Degree Completion Policy,3,CMU-UG-2026-27-POL-BMT-BACHELOR-OF-MUSIC-THERAPY-DEGREE-COMPLETION-POLICY,50-Academic-Policies/Degree-Specific-Policies/Bachelor-of-Music-Therapy-Policies.md,official_transcription,pending
2026-27,Bachelor of Music Therapy Policies,Guidelines,4,CMU-UG-2026-27-POL-BMT-GUIDELINES,50-Academic-Policies/Degree-Specific-Policies/Bachelor-of-Music-Therapy-Policies.md,official_transcription,pending
2026-27,Bachelor of Music Therapy Policies,Procedures,4,CMU-UG-2026-27-POL-BMT-PROCEDURES,50-Academic-Policies/Degree-Specific-Policies/Bachelor-of-Music-Therapy-Policies.md,official_transcription,pending
2026-27,Bachelor of Music Therapy Policies,Bachelor of Music Therapy: Professional Readiness and Suitability Policy,3,CMU-UG-2026-27-POL-BMT-BACHELOR-OF-MUSIC-THERAPY-PROFESSIONAL-READINESS-AND-SUITABILITY-POLIC,50-Academic-Policies/Degree-Specific-Policies/Bachelor-of-Music-Therapy-Policies.md,official_transcription,pending
2026-27,Bachelor of Music Therapy Policies,Purpose and Scope,4,CMU-UG-2026-27-POL-BMT-PURPOSE-AND-SCOPE,50-Academic-Policies/Degree-Specific-Policies/Bachelor-of-Music-Therapy-Policies.md,official_transcription,pending
2026-27,Bachelor of Music Therapy Policies,Definitions,4,CMU-UG-2026-27-POL-BMT-DEFINITIONS,50-Academic-Policies/Degree-Specific-Policies/Bachelor-of-Music-Therapy-Policies.md,official_transcription,pending
2026-27,Bachelor of Music Therapy Policies,Guidelines,4,CMU-UG-2026-27-POL-BMT-GUIDELINES,50-Academic-Policies/Degree-Specific-Policies/Bachelor-of-Music-Therapy-Policies.md,official_transcription,pending
2026-27,Bachelor of Music Therapy Policies,Basic Components of Professional Suitability Cases,4,CMU-UG-2026-27-POL-BMT-BASIC-COMPONENTS-OF-PROFESSIONAL-SUITABILITY-CASES,50-Academic-Policies/Degree-Specific-Policies/Bachelor-of-Music-Therapy-Policies.md,official_transcription,pending
2026-27,Bachelor of Music Therapy Policies,Procedure I: Assessments,4,CMU-UG-2026-27-POL-BMT-PROCEDURE-I-ASSESSMENTS,50-Academic-Policies/Degree-Specific-Policies/Bachelor-of-Music-Therapy-Policies.md,official_transcription,pending
2026-27,Bachelor of Music Therapy Policies,Stage One: Instructor/Field Supervisor Assessment and Meeting with the Student,5,CMU-UG-2026-27-POL-BMT-STAGE-ONE-INSTRUCTOR-FIELD-SUPERVISOR-ASSESSMENT-AND-MEETING-WITH-THE-,50-Academic-Policies/Degree-Specific-Policies/Bachelor-of-Music-Therapy-Policies.md,official_transcription,pending
2026-27,Bachelor of Music Therapy Policies,Stage 2: Mediation,5,CMU-UG-2026-27-POL-BMT-STAGE-2-MEDIATION,50-Academic-Policies/Degree-Specific-Policies/Bachelor-of-Music-Therapy-Policies.md,official_transcription,pending
2026-27,Bachelor of Music Therapy Policies,Stage Three: Major Concerns,5,CMU-UG-2026-27-POL-BMT-STAGE-THREE-MAJOR-CONCERNS,50-Academic-Policies/Degree-Specific-Policies/Bachelor-of-Music-Therapy-Policies.md,official_transcription,pending
2026-27,Bachelor of Music Therapy Policies,Consequences,4,CMU-UG-2026-27-POL-BMT-CONSEQUENCES,50-Academic-Policies/Degree-Specific-Policies/Bachelor-of-Music-Therapy-Policies.md,official_transcription,pending
2026-27,Bachelor of Music Therapy Policies,Dismissal from the Music Therapy Program,4,CMU-UG-2026-27-POL-BMT-DISMISSAL-FROM-THE-MUSIC-THERAPY-PROGRAM,50-Academic-Policies/Degree-Specific-Policies/Bachelor-of-Music-Therapy-Policies.md,official_transcription,pending
2026-27,Bachelor of Music Therapy Policies,Appeals,4,CMU-UG-2026-27-POL-BMT-APPEALS,50-Academic-Policies/Degree-Specific-Policies/Bachelor-of-Music-Therapy-Policies.md,official_transcription,pending
2026-27,Bachelor of Music Therapy Policies,Bachelor of Music Therapy: Residency and Course Transfer Policy,3,CMU-UG-2026-27-POL-BMT-BACHELOR-OF-MUSIC-THERAPY-RESIDENCY-AND-COURSE-TRANSFER-POLICY,50-Academic-Policies/Degree-Specific-Policies/Bachelor-of-Music-Therapy-Policies.md,official_transcription,pending
2026-27,Bachelor of Music Therapy Policies,Purpose and Scope,4,CMU-UG-2026-27-POL-BMT-PURPOSE-AND-SCOPE,50-Academic-Policies/Degree-Specific-Policies/Bachelor-of-Music-Therapy-Policies.md,official_transcription,pending
2026-27,Bachelor of Music Therapy Policies,Guidelines,4,CMU-UG-2026-27-POL-BMT-GUIDELINES,50-Academic-Policies/Degree-Specific-Policies/Bachelor-of-Music-Therapy-Policies.md,official_transcription,pending
2026-27,Bachelor of Music Therapy Policies,Residency Requirements,4,CMU-UG-2026-27-POL-BMT-RESIDENCY-REQUIREMENTS,50-Academic-Policies/Degree-Specific-Policies/Bachelor-of-Music-Therapy-Policies.md,official_transcription,pending
2026-27,Bachelor of Music Therapy Policies,Transfer Credit into the Bachelor of Music Therapy,4,CMU-UG-2026-27-POL-BMT-TRANSFER-CREDIT-INTO-THE-BACHELOR-OF-MUSIC-THERAPY,50-Academic-Policies/Degree-Specific-Policies/Bachelor-of-Music-Therapy-Policies.md,official_transcription,pending
2026-27,Bachelor of Music Therapy Policies,Transfer Credit for Music Therapy (MUTH) requirements,5,CMU-UG-2026-27-POL-BMT-TRANSFER-CREDIT-FOR-MUSIC-THERAPY-MUTH-REQUIREMENTS,50-Academic-Policies/Degree-Specific-Policies/Bachelor-of-Music-Therapy-Policies.md,official_transcription,pending
2026-27,Bachelor of Social Work Policies,Educational Equity in Admissions,5,CMU-UG-2026-27-POL-BSW-EDUCATIONAL-EQUITY-IN-ADMISSIONS,50-Academic-Policies/Degree-Specific-Policies/Bachelor-of-Social-Work-Policies.md,official_transcription,pending
2026-27,Bachelor of Social Work Policies,Application Review,5,CMU-UG-2026-27-POL-BSW-APPLICATION-REVIEW,50-Academic-Policies/Degree-Specific-Policies/Bachelor-of-Social-Work-Policies.md,official_transcription,pending
2026-27,Bachelor of Social Work Policies,Interview,5,CMU-UG-2026-27-POL-BSW-INTERVIEW,50-Academic-Policies/Degree-Specific-Policies/Bachelor-of-Social-Work-Policies.md,official_transcription,pending
2026-27,Bachelor of Social Work Policies,Admission Decision,5,CMU-UG-2026-27-POL-BSW-ADMISSION-DECISION,50-Academic-Policies/Degree-Specific-Policies/Bachelor-of-Social-Work-Policies.md,official_transcription,pending
2026-27,Bachelor of Social Work Policies,Bachelor of Social Work: Degree Completion Policy,3,CMU-UG-2026-27-POL-BSW-BACHELOR-OF-SOCIAL-WORK-DEGREE-COMPLETION-POLICY,50-Academic-Policies/Degree-Specific-Policies/Bachelor-of-Social-Work-Policies.md,official_transcription,pending
2026-27,Bachelor of Social Work Policies,Procedures,4,CMU-UG-2026-27-POL-BSW-PROCEDURES,50-Academic-Policies/Degree-Specific-Policies/Bachelor-of-Social-Work-Policies.md,official_transcription,pending
2026-27,Bachelor of Social Work Policies,Bachelor of Social Work: Academic Standing Policy,3,CMU-UG-2026-27-POL-BSW-BACHELOR-OF-SOCIAL-WORK-ACADEMIC-STANDING-POLICY,50-Academic-Policies/Degree-Specific-Policies/Bachelor-of-Social-Work-Policies.md,official_transcription,pending
2026-27,Bachelor of Social Work Policies,Bachelor of Social Work: Admissions Policy,3,CMU-UG-2026-27-POL-BSW-BACHELOR-OF-SOCIAL-WORK-ADMISSIONS-POLICY,50-Academic-Policies/Degree-Specific-Policies/Bachelor-of-Social-Work-Policies.md,official_transcription,pending
2026-27,Bachelor of Social Work Policies,Bachelor of Social Work: Professional Readiness and Suitability Policy,3,CMU-UG-2026-27-POL-BSW-BACHELOR-OF-SOCIAL-WORK-PROFESSIONAL-READINESS-AND-SUITABILI,50-Academic-Policies/Degree-Specific-Policies/Bachelor-of-Social-Work-Policies.md,official_transcription,pending
