province_or_territory_group,requirement_text,section_id,source_file,authority_status,validation_status
Alberta/Northwest Territories/Nunavut,,CMU-UG-2026-27-APP-B-ALBERTA-NORTHWEST-TERRITORIES-NUNAVUT,80-Appendices/Appendix-B-Provincial-Admission.md,official_transcription,pending
British Columbia/Yukon Territory,,CMU-UG-2026-27-APP-B-BRITISH-COLUMBIA-YUKON-TERRITORY,80-Appendices/Appendix-B-Provincial-Admission.md,official_transcription,pending
New Brunswick,,CMU-UG-2026-27-APP-B-NEW-BRUNSWICK,80-Appendices/Appendix-B-Provincial-Admission.md,official_transcription,pending
Newfoundland and Labrador,,CMU-UG-2026-27-APP-B-NEWFOUNDLAND-AND-LABRADOR,80-Appendices/Appendix-B-Provincial-Admission.md,official_transcription,pending
Nova Scotia,,CMU-UG-2026-27-APP-B-NOVA-SCOTIA,80-Appendices/Appendix-B-Provincial-Admission.md,official_transcription,pending
Ontario,,CMU-UG-2026-27-APP-B-ONTARIO,80-Appendices/Appendix-B-Provincial-Admission.md,official_transcription,pending
Prince Edward Island,,CMU-UG-2026-27-APP-B-PRINCE-EDWARD-ISLAND,80-Appendices/Appendix-B-Provincial-Admission.md,official_transcription,pending
Quebec,,CMU-UG-2026-27-APP-B-QUEBEC,80-Appendices/Appendix-B-Provincial-Admission.md,official_transcription,pending
Saskatchewan,,CMU-UG-2026-27-APP-B-SASKATCHEWAN,80-Appendices/Appendix-B-Provincial-Admission.md,official_transcription,pending
